Traceback (most recent call last):
  File "$REPO/acceptance/checks/desktop_runtime.py", line 166, in <module>
    main()
    ~~~~^^
  File "$REPO/acceptance/checks/desktop_runtime.py", line 97, in main
    build_output = run(("desktop/macos/scripts/build-unsigned-app", str(bundle)), environment)
  File "$REPO/acceptance/checks/desktop_runtime.py", line 41, in run
    raise RuntimeError(f"command failed ({result.returncode}): {' '.join(command)}\n{output}")
RuntimeError: command failed (16): desktop/macos/scripts/build-unsigned-app $TMP Studio.app
[0/1] Planning build
Building for production...
[0/2] Write swift-version--1AB21518FC5DEDBE.txt
Build complete! (0.11s)
vite v8.1.5 building client environment for production...
[2K
transforming...✓ 12719 modules transformed.
rendering chunks...
computing gzip size...
dist/index.html                                                   1.07 kB │ gzip:      0.63 kB
dist/assets/worker-BzdDEeh7.js                                    2.45 kB
dist/assets/Assistant-SemiBold-SCI4bEL9.woff2                    20.21 kB
dist/assets/Assistant-Regular-DVxZuzxb.woff2                     20.23 kB
dist/assets/Assistant-Medium-DrcxCXg3.woff2                      20.32 kB
dist/assets/Assistant-Bold-gm-uSS1B.woff2                        20.38 kB
dist/assets/basis_transcoder-o4Hde_L7.js                         57.52 kB
dist/assets/ffmpeg-core-CI9Irx9p.js                             111.80 kB
dist/assets/canvas-face-detector.worker-CJeWFalE.js             154.26 kB
dist/assets/basis_transcoder-VXdx5NbI.wasm                      527.33 kB │ gzip:    248.94 kB
dist/assets/ffmpeg-core-CgUfceKH.wasm                        32,232.41 kB │ gzip: 10,370.97 kB
dist/assets/canvas-resource-mention-textarea-DkK0ymA2.css         0.35 kB │ gzip:      0.19 kB
dist/assets/eagle-tP4nMZ7N.css                                    4.47 kB │ gzip:      1.05 kB
dist/assets/folder-preview-lab-5vWK_R80.css                       6.89 kB │ gzip:      1.56 kB
dist/assets/plugins-BrBKakXB.css                                 18.28 kB │ gzip:      3.24 kB
dist/assets/canvas-node-rWLcpaxE.css                             59.11 kB │ gzip:     10.47 kB
dist/assets/canvas-drawing-tldraw-editor-DK9qfp18.css            76.14 kB │ gzip:     14.30 kB
dist/assets/canvas-drawing-excalidraw-editor-DtRVLazd.css       142.02 kB │ gzip:     22.37 kB
dist/assets/application-BZGAmDNW.css                            761.07 kB │ gzip:    104.84 kB
dist/assets/mermaid-GHXKKRXX-B74qOw0h.js                          0.07 kB │ gzip:      0.08 kB
dist/assets/client-id-CIxbiNq2.js                                 0.08 kB │ gzip:      0.09 kB
dist/assets/array-BifhSqXX.js                                     0.10 kB │ gzip:      0.11 kB
dist/assets/channel-BzBt2k5h.js                                   0.11 kB │ gzip:      0.12 kB
dist/assets/minus-BwAVQ-sB.js                                     0.11 kB │ gzip:      0.13 kB
dist/assets/pie-RZYD4A2V-CynqTUkZ.js                              0.11 kB │ gzip:      0.11 kB
dist/assets/info-DKCQHKI2-DIc7uC4I.js                             0.11 kB │ gzip:      0.12 kB
dist/assets/radar-I7S5WNFK-fIKE12aT.js                            0.11 kB │ gzip:      0.12 kB
dist/assets/packet-7NZHBO7P-D2duWGIK.js                           0.12 kB │ gzip:      0.12 kB
dist/assets/cynefin-VYW2F7L2-4m18BxUG.js                          0.12 kB │ gzip:      0.12 kB
dist/assets/treemap-6X3UGDF4-BbCXbaXr.js                          0.12 kB │ gzip:      0.12 kB
dist/assets/wardley-OPB4EBWU-BjXxCRf_.js                          0.12 kB │ gzip:      0.12 kB
dist/assets/gitGraph-TEB2WS4Q-Do0SQOtM.js                         0.12 kB │ gzip:      0.12 kB
dist/assets/railroad-3IZDKUUU-Bgx8HJTj.js                         0.12 kB │ gzip:      0.12 kB
dist/assets/treeView-QDETBFTQ-CygwzEgj.js                         0.12 kB │ gzip:      0.12 kB
dist/assets/check-Lv-rCCX-.js                                     0.12 kB │ gzip:      0.14 kB
dist/assets/railroad-peg-LSFZ7HO6-0hT-lN-u.js                     0.12 kB │ gzip:      0.12 kB
dist/assets/architecture-TIHT7OUA-BWqzHezU.js                     0.12 kB │ gzip:      0.12 kB
dist/assets/railroad-abnf-AHOZXSZD-Nh6k60mH.js                    0.12 kB │ gzip:      0.12 kB
dist/assets/railroad-ebnf-EBAXGLYW-C74h3s_I.js                    0.12 kB │ gzip:      0.12 kB
dist/assets/utils-DTl-8woF.js                                     0.12 kB │ gzip:      0.12 kB
dist/assets/eventmodeling-45OFAUF4-Dp0gpjhg.js                    0.12 kB │ gzip:      0.12 kB
dist/assets/chevron-down-Caaw8FoV.js                              0.12 kB │ gzip:      0.14 kB
dist/assets/chevron-up-DQscUwqY.js                                0.12 kB │ gzip:      0.14 kB
dist/assets/chevron-left-BxUyhBNT.js                              0.13 kB │ gzip:      0.14 kB
dist/assets/chevron-right-CmXl9SEo.js                             0.13 kB │ gzip:      0.14 kB
dist/assets/percentages-BXMCSKIN-BtH29Rqz.js                      0.13 kB │ gzip:      0.12 kB
dist/assets/useForceUpdate-Np2znjBQ.js                            0.14 kB │ gzip:      0.14 kB
dist/assets/loader-circle-Cpxa382G.js                             0.14 kB │ gzip:      0.15 kB
dist/assets/square-DFxtV7lB.js                                    0.14 kB │ gzip:      0.15 kB
dist/assets/image-GAAHSSAO-Cw7wZuUz.js                            0.14 kB │ gzip:      0.13 kB
dist/assets/plus-Xv1tYk9s.js                                      0.15 kB │ gzip:      0.15 kB
dist/assets/x-Cxu_DZVd.js                                         0.15 kB │ gzip:      0.15 kB
dist/assets/chunk-Y2CYZVJY-DsF7k-Jl.js                            0.15 kB │ gzip:      0.14 kB
dist/assets/cloud-C5lvy5Ba.js                                     0.16 kB │ gzip:      0.16 kB
dist/assets/arrow-left-BWMkb3Ih.js                                0.16 kB │ gzip:      0.16 kB
dist/assets/arrow-right-00XC9HsO.js                               0.16 kB │ gzip:      0.16 kB
dist/assets/arrow-up-right-uAKJvCEL.js                            0.16 kB │ gzip:      0.15 kB
dist/assets/clock-3-sY6P4CYx.js                                   0.16 kB │ gzip:      0.16 kB
dist/assets/music-2-BaZD3tpo.js                                   0.17 kB │ gzip:      0.16 kB
dist/assets/power-CeAh4pK8.js                                     0.17 kB │ gzip:      0.16 kB
dist/assets/search-q0IjJtFN.js                                    0.17 kB │ gzip:      0.16 kB
dist/assets/gauge-S2MhOWA5.js                                     0.17 kB │ gzip:      0.16 kB
dist/assets/circle-check-gT80KFsf.js                              0.17 kB │ gzip:      0.16 kB
dist/assets/ban-CguPt3pc.js                                       0.18 kB │ gzip:      0.16 kB
dist/assets/user-round-YrfVlQgV.js                                0.18 kB │ gzip:      0.17 kB
dist/assets/subset-shared.chunk-c68EAvZG.js                       0.18 kB │ gzip:      0.15 kB
dist/assets/index.browser-D65rSomk.js                             0.18 kB │ gzip:      0.19 kB
dist/assets/play-9Tj2cWjs.js                                      0.19 kB │ gzip:      0.17 kB
dist/assets/chunk-2Q5K7J3B-C1jixKkw.js                            0.19 kB │ gzip:      0.16 kB
dist/assets/list-filter-BjAUfO6m.js                               0.19 kB │ gzip:      0.16 kB
dist/assets/toggle-left-Bjn7SHUl.js                               0.19 kB │ gzip:      0.18 kB
dist/assets/rotate-ccw-Cr2z-W6E.js                                0.20 kB │ gzip:      0.18 kB
dist/assets/info-C2Qu9KdK.js                                      0.20 kB │ gzip:      0.17 kB
dist/assets/redo-2-B1hP14sj.js                                    0.20 kB │ gzip:      0.18 kB
dist/assets/undo-2-S6XPkiw0.js                                    0.20 kB │ gzip:      0.17 kB
dist/assets/pause-CNgWYTuw.js                                     0.21 kB │ gzip:      0.16 kB
dist/assets/mail-DbwjHsAx.js                                      0.21 kB │ gzip:      0.20 kB
dist/assets/chunk-JWPE2WC7-DVXcaiue.js                            0.22 kB │ gzip:      0.17 kB
dist/assets/ellipsis-BIn9V4Ks.js                                  0.22 kB │ gzip:      0.16 kB
dist/assets/library-DLSjJntC.js                                   0.23 kB │ gzip:      0.17 kB
dist/assets/log-out-CS-kk87q.js                                   0.23 kB │ gzip:      0.18 kB
dist/assets/upload-Dk_DAuPu.js                                    0.23 kB │ gzip:      0.19 kB
dist/assets/extends-CvVTau-c.js                                   0.23 kB │ gzip:      0.18 kB
dist/assets/log-in-D3AcGKX4.js                                    0.23 kB │ gzip:      0.18 kB
dist/assets/download-CJ4Kw00S.js                                  0.23 kB │ gzip:      0.19 kB
dist/assets/copy-CUF8zT2_.js                                      0.23 kB │ gzip:      0.20 kB
dist/assets/panel-left-close-Cltt7YKo.js                          0.23 kB │ gzip:      0.20 kB
dist/assets/history-CsZVoOQt.js                                   0.23 kB │ gzip:      0.19 kB
dist/assets/maximize-2-BWd61Vyt.js                                0.23 kB │ gzip:      0.18 kB
dist/assets/globe-DJqSMfhQ.js                                     0.24 kB │ gzip:      0.19 kB
dist/assets/link-2-BhO6DO2t.js                                    0.24 kB │ gzip:      0.20 kB
dist/assets/aceternity-motion-DKni4Hhd.js                         0.24 kB │ gzip:      0.17 kB
dist/assets/video-CQBgXHrT.js                                     0.24 kB │ gzip:      0.21 kB
dist/assets/zoom-out-tCvgYynq.js                                  0.24 kB │ gzip:      0.19 kB
dist/assets/circle-alert-CIuvyhhX.js                              0.25 kB │ gzip:      0.18 kB
dist/assets/chart-column-B5Q7GFT7.js                              0.25 kB │ gzip:      0.19 kB
dist/assets/cloud-upload-CwY5eOIU.js                              0.25 kB │ gzip:      0.21 kB
dist/assets/external-link-VAxX44Jv.js                             0.25 kB │ gzip:      0.19 kB
dist/assets/settings-2-BMoKB0m3.js                                0.25 kB │ gzip:      0.19 kB
dist/assets/users-round-BLZvC_KM.js                               0.25 kB │ gzip:      0.21 kB
dist/assets/lock-keyhole-D2qwqXLk.js                              0.25 kB │ gzip:      0.22 kB
dist/assets/eye-CKzQT8eh.js                                       0.25 kB │ gzip:      0.20 kB
dist/assets/chunk-XXDRQBXY-D5eMSC49.js                            0.25 kB │ gzip:      0.22 kB
dist/assets/ticket-check-kWrsu6_Z.js                              0.25 kB │ gzip:      0.20 kB
dist/assets/react-BRL2XkF2.js                                     0.26 kB │ gzip:      0.20 kB
dist/assets/triangle-alert-xa6He5a3.js                            0.26 kB │ gzip:      0.21 kB
dist/assets/workflow-CgZaoaH-.js                                  0.26 kB │ gzip:      0.20 kB
dist/assets/list-plus-Bx86Jj53.js                                 0.26 kB │ gzip:      0.18 kB
dist/assets/image-BFO-H-MF.js                                     0.26 kB │ gzip:      0.22 kB
dist/assets/use-debounced-value-Z4LXlr05.js                       0.26 kB │ gzip:      0.21 kB
dist/assets/statusUtils-BSNyCC-N.js                               0.27 kB │ gzip:      0.17 kB
dist/assets/pencil-z74WqBQe.js                                    0.27 kB │ gzip:      0.22 kB
dist/assets/braces-jYhTvPD-.js                                    0.27 kB │ gzip:      0.20 kB
dist/assets/list-checks-xTFbKWCw.js                               0.27 kB │ gzip:      0.18 kB
dist/assets/house-CqutOAPw.js                                     0.28 kB │ gzip:      0.21 kB
dist/assets/coins-6F-1FtDa.js                                     0.28 kB │ gzip:      0.22 kB
dist/assets/send-B0uzqLoA.js                                      0.29 kB │ gzip:      0.23 kB
dist/assets/folder-open-DNtfXZTH.js                               0.29 kB │ gzip:      0.22 kB
dist/assets/list-DZgBKb1y.js                                      0.30 kB │ gzip:      0.18 kB
dist/assets/zoom-in-49DbLgVT.js                                   0.30 kB │ gzip:      0.21 kB
dist/assets/audio-lines-CRNrVLub.js                               0.30 kB │ gzip:      0.20 kB
dist/assets/folder-plus-DUdHacF2.js                               0.30 kB │ gzip:      0.22 kB
dist/assets/brush-DCTCUNGp.js                                     0.30 kB │ gzip:      0.24 kB
dist/assets/box-GYrzJw9s.js                                       0.31 kB │ gzip:      0.22 kB
dist/assets/math-Bi_r_ZWc.js                                      0.31 kB │ gzip:      0.20 kB
dist/assets/user-plus-D3Hcjyqs.js                                 0.31 kB │ gzip:      0.23 kB
dist/assets/scissors-CaLOB6O1.js                                  0.31 kB │ gzip:      0.21 kB
dist/assets/badge-check-B_I_ZbNS.js                               0.31 kB │ gzip:      0.21 kB
dist/assets/chunk-VAUOI2AC-C6zL9oSj.js                            0.31 kB │ gzip:      0.25 kB
dist/assets/use-theme-store-C25SHJCk.js                           0.31 kB │ gzip:      0.24 kB
dist/assets/shield-check-DBJ4Di7w.js                              0.32 kB │ gzip:      0.25 kB
dist/assets/refresh-cw-BNkF8mW1.js                                0.32 kB │ gzip:      0.22 kB
dist/assets/settings-navigation-fJKX0MuM.js                       0.32 kB │ gzip:      0.24 kB
dist/assets/save-C5v4fAjq.js                                      0.32 kB │ gzip:      0.22 kB
dist/assets/bot-D0HXEIYE.js                                       0.32 kB │ gzip:      0.22 kB
dist/assets/trash-2-B7lvNMbM.js                                   0.32 kB │ gzip:      0.21 kB
dist/assets/camera-YFJ2iry4.js                                    0.33 kB │ gzip:      0.25 kB
dist/assets/focus-DtxjhqqE.js                                     0.33 kB │ gzip:      0.23 kB
dist/assets/layout-grid-BLwxswDr.js                               0.34 kB │ gzip:      0.19 kB
dist/assets/message-square-text-Cz5ela1X.js                       0.34 kB │ gzip:      0.24 kB
dist/assets/folder-kanban-x9zODuQ0.js                             0.34 kB │ gzip:      0.24 kB
dist/assets/useVariants-CVhC9rm0.js                               0.35 kB │ gzip:      0.26 kB
dist/assets/crosshair-BFGwbSto.js                                 0.35 kB │ gzip:      0.21 kB
dist/assets/file-up-BY7lofLL.js                                   0.35 kB │ gzip:      0.24 kB
dist/assets/plug-zap-3ryR3bw6.js                                  0.35 kB │ gzip:      0.23 kB
dist/assets/shield-alert-KEPpm0OV.js                              0.35 kB │ gzip:      0.26 kB
dist/assets/key-round-DkyzZsP_.js                                 0.35 kB │ gzip:      0.26 kB
dist/assets/clapperboard-DeZtph-5.js                              0.36 kB │ gzip:      0.26 kB
dist/assets/chunk-5VM5RSS4-ZNzvKenW.js                            0.36 kB │ gzip:      0.27 kB
dist/assets/image-plus-DIpSshqL.js                                0.36 kB │ gzip:      0.25 kB
dist/assets/subset-worker.chunk-C4cDVU-I.js                       0.36 kB │ gzip:      0.28 kB
dist/assets/clsx-CjueKrWZ.js                                      0.36 kB │ gzip:      0.23 kB
dist/assets/init-Cs1-1e_z.js                                      0.36 kB │ gzip:      0.17 kB
dist/assets/libtv-Dew3rzIS.js                                     0.36 kB │ gzip:      0.21 kB
dist/assets/images-CkmPENpF.js                                    0.37 kB │ gzip:      0.27 kB
dist/assets/common-CSCeLiBj.js                                    0.38 kB │ gzip:      0.27 kB
dist/assets/network-BRankdZo.js                                   0.38 kB │ gzip:      0.23 kB
dist/assets/file-text-Bfbg2wvV.js                                 0.38 kB │ gzip:      0.25 kB
dist/assets/canvas-DMY0m_pG.js                                    0.38 kB │ gzip:      0.25 kB
dist/assets/hard-drive-Bam-5bTH.js                                0.38 kB │ gzip:      0.25 kB
dist/assets/file-headphone-4jK4JoJr.js                            0.38 kB │ gzip:      0.25 kB
dist/assets/volume-2-BYSBsiKD.js                                  0.39 kB │ gzip:      0.27 kB
dist/assets/file-image-CvwR5XeV.js                                0.40 kB │ gzip:      0.27 kB
dist/assets/locate-fixed-DLgb17A3.js                              0.40 kB │ gzip:      0.23 kB
dist/assets/asset-library-card-CpRjNyUL.js                        0.40 kB │ gzip:      0.24 kB
dist/assets/film-Bx0928We.js                                      0.40 kB │ gzip:      0.24 kB
dist/assets/vidstack-CHcsWfRV-CG-Scpja.js                         0.41 kB │ gzip:      0.29 kB
dist/assets/layers-YjhzBQNM.js                                    0.42 kB │ gzip:      0.24 kB
dist/assets/scan-face-B9USQhlC.js                                 0.42 kB │ gzip:      0.25 kB
dist/assets/sliders-horizontal-BidLqvEl.js                        0.42 kB │ gzip:      0.23 kB
dist/assets/book-open-text-z2mBtyD_.js                            0.42 kB │ gzip:      0.25 kB
dist/assets/git-branch-B0f0-nYH.js                                0.42 kB │ gzip:      0.28 kB
dist/assets/jsx-runtime-CFwixLRt.js                               0.43 kB │ gzip:      0.30 kB
dist/assets/file-open-7c801643-DZtJT5zp.js                        0.44 kB │ gzip:      0.31 kB
dist/assets/radio-tower-xDCUlZp9.js                               0.45 kB │ gzip:      0.29 kB
dist/assets/chunk-EMLP6XTP-BoneA0Uo.js                            0.45 kB │ gzip:      0.31 kB
dist/assets/srt-parser-BkJrMylY.js                                0.45 kB │ gzip:      0.31 kB
dist/assets/chunk-QBLGF6JB-C9zGMqvP.js                            0.45 kB │ gzip:      0.31 kB
dist/assets/chunk-BIQX33UG-CuPbkyWp.js                            0.46 kB │ gzip:      0.31 kB
dist/assets/chunk-CYSBUYHQ-CbOq7Rc1.js                            0.46 kB │ gzip:      0.31 kB
dist/assets/chunk-OSBZ3O6U-CX9EQ5t2.js                            0.46 kB │ gzip:      0.32 kB
dist/assets/star-C7aqwH1q.js                                      0.47 kB │ gzip:      0.29 kB
dist/assets/prod-CM8b2FiK.js                                      0.47 kB │ gzip:      0.27 kB
dist/assets/wrench-B4Z9JEId.js                                    0.47 kB │ gzip:      0.32 kB
dist/assets/settings-CM9QBv2Q.js                                  0.48 kB │ gzip:      0.26 kB
dist/assets/sparkles-LhXGbNx3.js                                  0.49 kB │ gzip:      0.28 kB
dist/assets/user-scope-Bob8UklB.js                                0.49 kB │ gzip:      0.24 kB
dist/assets/chunk-5FCAYU7R-DNtJmW0j.js                            0.50 kB │ gzip:      0.35 kB
dist/assets/use-combine-values-BNeJOaDC.js                        0.50 kB │ gzip:      0.33 kB
dist/assets/localforage-storage-Cy93-ixk.js                       0.51 kB │ gzip:      0.31 kB
dist/assets/palette-Bvd-aQD-.js                                   0.51 kB │ gzip:      0.28 kB
dist/assets/wand-sparkles-CaLqkSKG.js                             0.51 kB │ gzip:      0.29 kB
dist/assets/announcements-BiB_E9J7.js                             0.51 kB │ gzip:      0.24 kB
dist/assets/file-open-002ab408-BHUWm0Sh.js                        0.52 kB │ gzip:      0.32 kB
dist/assets/user-data-Bt6puvnN.js                                 0.53 kB │ gzip:      0.23 kB
dist/assets/codeowners-C8r90Shi.js                                0.54 kB │ gzip:      0.31 kB
dist/assets/canvas-drawing-excalidraw-document-JjyPU06M.js        0.56 kB │ gzip:      0.39 kB
dist/assets/layout-template-CE-fFrgf.js                           0.56 kB │ gzip:      0.32 kB
dist/assets/puzzle-Cpj7BEmb.js                                    0.57 kB │ gzip:      0.27 kB
dist/assets/chunk-VR4S4FIN-B-CELMXB.js                            0.57 kB │ gzip:      0.39 kB
dist/assets/directory-open-01563666-D4xXyWb_.js                   0.58 kB │ gzip:      0.36 kB
dist/assets/chunk-SRAX5OIU-DZPQwvLc.js                            0.59 kB │ gzip:      0.39 kB
dist/assets/highlighted-body-OFNGDK62-SVa8Fs1Q.js                 0.60 kB │ gzip:      0.39 kB
dist/assets/chunk-YOTPTUD7-CjHV8V6f.js                            0.60 kB │ gzip:      0.39 kB
dist/assets/flowDiagram-23GEKE2U-BD0c5zTF.js                      0.61 kB │ gzip:      0.32 kB
dist/assets/identity-provider-badge-CRroxGgC.js                   0.62 kB │ gzip:      0.41 kB
dist/assets/use-canvas-ui-store-C5h4KYgU.js                       0.62 kB │ gzip:      0.26 kB
dist/assets/bug-Gcy2bWWX.js                                       0.62 kB │ gzip:      0.32 kB
dist/assets/sun-qHLRqT44.js                                       0.63 kB │ gzip:      0.34 kB
dist/assets/chunk-Z3N5DIM6-D9TMVU7m.js                            0.64 kB │ gzip:      0.42 kB
dist/assets/infoDiagram-FWYZ7A6U-deCr8pnD.js                      0.65 kB │ gzip:      0.42 kB
dist/assets/react-Dt1OTdGM.js                                     0.68 kB │ gzip:      0.42 kB
dist/assets/vidstack-Dy74GavT-DCMXRdDW.js                         0.68 kB │ gzip:      0.44 kB
dist/assets/file-save-3189631c-CO9S4HFW.js                        0.69 kB │ gzip:      0.44 kB
dist/assets/shellsession-BEUInF7X.js                              0.71 kB │ gzip:      0.42 kB
dist/assets/tsv-sltzmVWM.js                                       0.73 kB │ gzip:      0.33 kB
dist/assets/resource-storage-status-N0EULxnl.js                   0.73 kB │ gzip:      0.53 kB
dist/assets/asset-media-preview-C4HwUcXN.js                       0.74 kB │ gzip:      0.44 kB
dist/assets/admin-BNmV_A-P.js                                     0.76 kB │ gzip:      0.50 kB
dist/assets/credits-D95AJikY.js                                   0.77 kB │ gzip:      0.47 kB
dist/assets/classDiagram-OUVF2IWQ-LAAarZH4.js                     0.78 kB │ gzip:      0.44 kB
dist/assets/classDiagram-v2-EOCWNBFH-LAAarZH4.js                  0.78 kB │ gzip:      0.44 kB
dist/assets/stateDiagram-v2-6OUMAXLB-gMBV_JPX.js                  0.78 kB │ gzip:      0.44 kB
dist/assets/CaretDownFilled-CUa_pq6f.js                           0.81 kB │ gzip:      0.56 kB
dist/assets/PlusOutlined-DQEUJGU6.js                              0.83 kB │ gzip:      0.55 kB
dist/assets/chunk-5HE753X5-o8-OCfIL.js                            0.83 kB │ gzip:      0.47 kB
dist/assets/html-derivative-DjY87ttd.js                           0.84 kB │ gzip:      0.45 kB
dist/assets/canvas-drawing-tldraw-document-CBesPwlG.js            0.84 kB │ gzip:      0.58 kB
dist/assets/boxes-DU4z4vNF.js                                     0.85 kB │ gzip:      0.39 kB
dist/assets/file-save-745eba88-Bwdfz6OZ.js                        0.85 kB │ gzip:      0.49 kB
dist/assets/swimlanesDiagram-G3AALYLV-kOGD_D73.js                 0.87 kB │ gzip:      0.49 kB
dist/assets/sizeCapture-X5ZJPWSS-B0uUizjq.js                      0.87 kB │ gzip:      0.51 kB
dist/assets/CheckOutlined-DdJe8-0B.js                             0.87 kB │ gzip:      0.61 kB
dist/assets/DownOutlined-DwsZFGy4.js                              0.87 kB │ gzip:      0.60 kB
dist/assets/chunk-MOZMSUNE-BgA8jCvb.js                            0.90 kB │ gzip:      0.49 kB
dist/assets/en-B4ZKOASM-C46sek69.js                               0.90 kB │ gzip:      0.48 kB
dist/assets/canvas-subtitle-text-IIA0FJwy.js                      0.91 kB │ gzip:      0.52 kB
dist/assets/vidstack-aCAqaLv8-goXQ_Uwi.js                         0.91 kB │ gzip:      0.52 kB
dist/assets/chunk-CQNSW5MT-BbEh_krl.js                            0.92 kB │ gzip:      0.49 kB
dist/assets/FileOutlined-DqcR5ZhZ.js                              0.92 kB │ gzip:      0.63 kB
dist/assets/line-D7sRByN6.js                                      0.95 kB │ gzip:      0.47 kB
dist/assets/chunk-OGEWGWER-h5omwuEJ.js                            0.96 kB │ gzip:      0.59 kB
dist/assets/use-transform-BxG1J554.js                             0.96 kB │ gzip:      0.52 kB
dist/assets/git-rebase-gx2II6xm.js                                0.98 kB │ gzip:      0.43 kB
dist/assets/canvas-subtitle-overlay-BaVfZXyn.js                   0.99 kB │ gzip:      0.56 kB
dist/assets/input-bindings-PfAMdnrM.js                            0.99 kB │ gzip:      0.51 kB
dist/assets/qmldir-DCQb3MpD.js                                    0.99 kB │ gzip:      0.44 kB
dist/assets/admin-context-CsKMAqSA.js                             1.00 kB │ gzip:      0.64 kB
dist/assets/vidstack-C0fPJIzs-9_nGV7KF.js                         1.03 kB │ gzip:      0.59 kB
dist/assets/chunk-5TONJI2A-DOX2waSJ.js                            1.04 kB │ gzip:      0.58 kB
dist/assets/logical-models-B_V3ESQW.js                            1.04 kB │ gzip:      0.43 kB
dist/assets/vidstack-CQuJTPFJ-BNmrt30S.js                         1.05 kB │ gzip:      0.57 kB
dist/assets/chunk-JG7HCLWE-Dk4_aECj.js                            1.06 kB │ gzip:      0.59 kB
dist/assets/PurePanel-ChNOlQHh.js                                 1.06 kB │ gzip:      0.65 kB
dist/assets/cached-resource-image-XHwxKQQz.js                     1.08 kB │ gzip:      0.60 kB
dist/assets/chunk-U6XO7XAA-CR0BSRFR.js                            1.13 kB │ gzip:      0.62 kB
dist/assets/csv-Dx-8-gkx.js                                       1.13 kB │ gzip:      0.36 kB
dist/assets/errors-CYCpy3_q.js                                    1.13 kB │ gzip:      0.35 kB
dist/assets/generation-consumer-lifecycle-C61llYiW.js             1.14 kB │ gzip:      0.52 kB
dist/assets/canvas-video-regeneration-DIgjiALG.js                 1.16 kB │ gzip:      0.72 kB
dist/assets/use-user-store-_8sYm0qj.js                            1.17 kB │ gzip:      0.49 kB
dist/assets/ordinal-BeZAVUpG.js                                   1.18 kB │ gzip:      0.56 kB
dist/assets/skills-BIitZysK.js                                    1.18 kB │ gzip:      0.47 kB
dist/assets/SearchOutlined-DCILHSyV.js                            1.20 kB │ gzip:      0.75 kB
dist/assets/git-commit-BSykSTBG.js                                1.22 kB │ gzip:      0.52 kB
dist/assets/rolldown-runtime-DAXXjFlN.js                          1.26 kB │ gzip:      0.70 kB
dist/assets/media-preview-SZLiApGm.js                             1.29 kB │ gzip:      0.78 kB
dist/assets/xsl-B-eulOKn.js                                       1.36 kB │ gzip:      0.50 kB
dist/assets/not-found-CYw0-b3A.js                                 1.39 kB │ gzip:      0.74 kB
dist/assets/dotenv-_5a1GRtc.js                                    1.41 kB │ gzip:      0.52 kB
dist/assets/createLucideIcon-WbxVGt4j.js                          1.41 kB │ gzip:      0.80 kB
dist/assets/canvas-drawing-tldraw-editor-C0WVYTP3.js              1.44 kB │ gzip:      0.89 kB
dist/assets/modal-CtlHjj3I.js                                     1.45 kB │ gzip:      0.78 kB
dist/assets/chunk-R7FJI6CG-BpBhcF6R.js                            1.46 kB │ gzip:      0.78 kB
dist/assets/sparql-D_iOobhT.js                                    1.47 kB │ gzip:      0.81 kB
dist/assets/w3c-keyname-BOAvb0qz.js                               1.48 kB │ gzip:      0.81 kB
dist/assets/directory-open-4ed118d0-1i309Asm.js                   1.51 kB │ gzip:      0.76 kB
dist/assets/canvas-drawing-excalidraw-editor-DRFu1Sik.js          1.51 kB │ gzip:      0.91 kB
dist/assets/ini-B5eOa1yu.js                                       1.51 kB │ gzip:      0.49 kB
dist/assets/band-CcbG6rPL.js                                      1.53 kB │ gzip:      0.66 kB
dist/assets/fortran-fixed-form-DEKoE2YW.js                        1.66 kB │ gzip:      0.68 kB
dist/assets/with-selector-DxAaDAEn.js                             1.66 kB │ gzip:      0.74 kB
dist/assets/chunk-5JV3BV7I-DKfYBAeY.js                            1.67 kB │ gzip:      0.74 kB
dist/assets/shared-oUB7Zl-M.js                                    1.67 kB │ gzip:      1.02 kB
dist/assets/railroadDiagram-RFXS5EU6-Cd40xLY5.js                  1.70 kB │ gzip:      0.79 kB
dist/assets/docker-IyjqRm3v.js                                    1.73 kB │ gzip:      0.59 kB
dist/assets/hxml-B0Qn7Nwc.js                                      1.74 kB │ gzip:      0.87 kB
dist/assets/desktop-Dlh5hvp9.js                                   1.82 kB │ gzip:      0.75 kB
dist/assets/chunk-C7G6YPKG-B-OcxJPp.js                            1.84 kB │ gzip:      0.90 kB
dist/assets/workspace-state-C_eKlorg.js                           1.86 kB │ gzip:      0.95 kB
dist/assets/dist-Dr6qRSPx.js                                      1.87 kB │ gzip:      0.83 kB
dist/assets/abnfDiagram-VRR7QNED-CaPjKaT3.js                      1.89 kB │ gzip:      0.91 kB
dist/assets/canvas-skill-mentions-yFTfQLCI.js                     1.89 kB │ gzip:      1.14 kB
dist/assets/middleware-BRlIkLFI.js                                1.91 kB │ gzip:      0.95 kB
dist/assets/move-5xnETpf4.js                                      1.94 kB │ gzip:      0.46 kB
dist/assets/lodash.throttle-CKqniKSl.js                           1.94 kB │ gzip:      0.92 kB
dist/assets/chunk-32BRIVSS-Budoj-sY.js                            1.96 kB │ gzip:      0.88 kB
dist/assets/use-plugin-store-4PLGcYWq.js                          2.04 kB │ gzip:      1.06 kB
dist/assets/pegDiagram-2B236MQR-NzViFXEz.js                       2.05 kB │ gzip:      0.96 kB
dist/assets/chunk-7BUUIJ7U-Bb538aSH.js                            2.10 kB │ gzip:      0.82 kB
dist/assets/ebnfDiagram-CCIWWBDH-BXO-NMp7.js                      2.10 kB │ gzip:      0.91 kB
dist/assets/theme-CWt0XmRp.js                                     2.11 kB │ gzip:      1.04 kB
dist/assets/erb-CoYAxOCW.js                                       2.13 kB │ gzip:      0.62 kB
dist/assets/wenyan-C8pVoKbM.js                                    2.15 kB │ gzip:      1.08 kB
dist/assets/KeyCode-Bm8t-2oB.js                                   2.17 kB │ gzip:      1.15 kB
dist/assets/jssm-DXw9l8Rf.js                                      2.23 kB │ gzip:      0.61 kB
dist/assets/wallet-D5rv8mrz.js                                    2.29 kB │ gzip:      0.61 kB
dist/assets/edge-Cdhi70bQ.js                                      2.30 kB │ gzip:      0.67 kB
dist/assets/path-BWPyau1x.js                                      2.31 kB │ gzip:      0.99 kB
dist/assets/reg-CRGYupPL.js                                       2.33 kB │ gzip:      0.69 kB
dist/assets/generation-task-display-DZXOKZj8.js                   2.38 kB │ gzip:      1.07 kB
dist/assets/canvas-live-viewport-B0TXygI_.js                      2.39 kB │ gzip:      0.92 kB
dist/assets/canvas-node-asset-DnZKohTg.js                         2.42 kB │ gzip:      0.91 kB
dist/assets/vidstack-Di0HObvT-BVZ4X9y2.js                         2.45 kB │ gzip:      1.14 kB
dist/assets/Addon-DIER6NRA.js                                     2.46 kB │ gzip:      1.01 kB
dist/assets/file-storage-C9Iz3d_0.js                              2.49 kB │ gzip:      1.12 kB
dist/assets/asset-picker-modal-BIh8FfCW.js                        2.53 kB │ gzip:      1.22 kB
dist/assets/login-Dv6DlKH7.js                                     2.53 kB │ gzip:      1.25 kB
dist/assets/seedance-video-B8DBiV4v.js                            2.55 kB │ gzip:      1.30 kB
dist/assets/diff-woXpYk--.js                                      2.56 kB │ gzip:      0.68 kB
dist/assets/gleam-CSRkHgEL.js                                     2.57 kB │ gzip:      0.81 kB
dist/assets/hy-CZbG8q4J.js                                        2.64 kB │ gzip:      1.17 kB
dist/assets/resources-DmhdZ7eT.js                                 2.68 kB │ gzip:      1.23 kB
dist/assets/FileSaver.min-BvZiQU7D.js                             2.68 kB │ gzip:      1.29 kB
dist/assets/canvas-theme-jq4U-qD6.js                              2.78 kB │ gzip:      0.90 kB
dist/assets/openscad-BUDT5pXO.js                                  2.81 kB │ gzip:      1.00 kB
dist/assets/external-asset-sources-ES_AXNxR.js                    2.83 kB │ gzip:      1.22 kB
dist/assets/log-BNLmms1o.js                                       2.84 kB │ gzip:      0.89 kB
dist/assets/lib-DZ8PwDBs.js                                       2.85 kB │ gzip:      1.15 kB
dist/assets/roundRect-D01gJrlt.js                                 2.87 kB │ gzip:      0.99 kB
dist/assets/json-DaZn6kP4.js                                      2.89 kB │ gzip:      0.82 kB
dist/assets/space-Bp8uYmsM.js                                     2.90 kB │ gzip:      1.41 kB
dist/assets/cairo-DLTphjLi.js                                     2.93 kB │ gzip:      0.80 kB
dist/assets/canvas-resource-references-DuKHkh4j.js                2.96 kB │ gzip:      1.29 kB
dist/assets/berry-DKpUyyne.js                                     2.99 kB │ gzip:      0.80 kB
dist/assets/jsonl-CmCQp5Yx.js                                     3.00 kB │ gzip:      0.78 kB
dist/assets/redemption-codes-page-B7enhs03.js                     3.10 kB │ gzip:      1.60 kB
dist/assets/jsonc-CYpm1nAK.js                                     3.10 kB │ gzip:      0.78 kB
dist/assets/logo-Cluzi2Zq.js                                      3.12 kB │ gzip:      1.46 kB
dist/assets/workspace-signal-icon-CdXL27cV.js                     3.14 kB │ gzip:      1.49 kB
dist/assets/po-BiJDBrnU.js                                        3.23 kB │ gzip:      0.90 kB
dist/assets/json5-BR5RXkoi.js                                     3.24 kB │ gzip:      0.82 kB
dist/assets/drawing-engine-settings-page-BQRHXH4b.js              3.25 kB │ gzip:      1.56 kB
dist/assets/mipsasm-BMqwQI7S.js                                   3.25 kB │ gzip:      1.17 kB
dist/assets/full-screen-loader-C8wD8h4M.js                        3.26 kB │ gzip:      0.80 kB
dist/assets/tasl-DMoTqEGO.js                                      3.28 kB │ gzip:      0.84 kB
dist/assets/genie-CV2tkWYe.js                                     3.34 kB │ gzip:      1.20 kB
dist/assets/rel-BtDbiS_P.js                                       3.36 kB │ gzip:      1.10 kB
dist/assets/vala-zf12oZj6.js                                      3.36 kB │ gzip:      1.18 kB
dist/assets/mutation-CjJK-2TB.js                                  3.37 kB │ gzip:      1.13 kB
dist/assets/use-copy-text-CJinDgjV.js                             3.38 kB │ gzip:      1.59 kB
dist/assets/splunk-BC2Px7Mm.js                                    3.42 kB │ gzip:      1.51 kB
dist/assets/resource-blob-cache-DvrKyojP.js                       3.46 kB │ gzip:      1.43 kB
dist/assets/arc-Bi22H63W.js                                       3.47 kB │ gzip:      1.46 kB
dist/assets/popconfirm-DL2Sog93.js                                3.50 kB │ gzip:      1.57 kB
dist/assets/hurl-GKc7yueO.js                                      3.51 kB │ gzip:      1.10 kB
dist/assets/scheduler-DuXhden3.js                                 3.56 kB │ gzip:      1.57 kB
dist/assets/react-dom-DmHqBZ9-.js                                 3.57 kB │ gzip:      1.36 kB
dist/assets/fluent-C03EYrpw.js                                    3.60 kB │ gzip:      0.89 kB
dist/assets/ssh-config-BgfXC-Er.js                                3.61 kB │ gzip:      1.59 kB
dist/assets/jsonnet-CJTPZ8u_.js                                   3.61 kB │ gzip:      1.03 kB
dist/assets/response-interception-settings-page-D1FLiUjZ.js       3.62 kB │ gzip:      1.66 kB
dist/assets/kdl-CsD5j6eV.js                                       3.62 kB │ gzip:      1.03 kB
dist/assets/narrat-_X_XdTYD.js                                    3.66 kB │ gzip:      1.09 kB
dist/assets/email-settings-panel-B_zowm-Z.js                      3.67 kB │ gzip:      1.84 kB
dist/assets/turtle-ByJddavk.js                                    3.69 kB │ gzip:      0.96 kB
dist/assets/glsl-fbNNN2Bp.js                                      3.69 kB │ gzip:      1.46 kB
dist/assets/canvas-node-size-C5SPD3TC.js                          3.70 kB │ gzip:      1.48 kB
dist/assets/generation-error-gwTWrrvx.js                          3.75 kB │ gzip:      1.94 kB
dist/assets/chunk-FWX5IMBZ-CX5iLXnc.js                            3.82 kB │ gzip:      1.61 kB
dist/assets/zenscript-BnlCZFoB.js                                 3.90 kB │ gzip:      1.28 kB
dist/assets/ron-VUp2lXgN.js                                       3.90 kB │ gzip:      0.97 kB
dist/assets/gn-ilITqXS6.js                                        3.99 kB │ gzip:      1.47 kB
dist/assets/ark-private-assets-settings-page-Cu448hkj.js          4.05 kB │ gzip:      1.90 kB
dist/assets/app-_T51VWlI.js                                       4.07 kB │ gzip:      1.96 kB
dist/assets/client-diagnostics-BAKkhsdp.js                        4.10 kB │ gzip:      1.88 kB
dist/assets/canvas-character-reference-BJTR00ab.js                4.14 kB │ gzip:      1.76 kB
dist/assets/pascal-4ZHwLPI5.js                                    4.14 kB │ gzip:      1.67 kB
dist/assets/user-data-sync-rATwvWVt.js                            4.18 kB │ gzip:      1.88 kB
dist/assets/auth-B57cenhW.js                                      4.24 kB │ gzip:      1.14 kB
dist/assets/AnimatePresence-JuhyK85m.js                           4.24 kB │ gzip:      1.94 kB
dist/assets/diagram-NH7WQ7WH-DwWCYbTe.js                          4.28 kB │ gzip:      1.85 kB
dist/assets/vidstack-BmcqUMKx-SLonHe3m.js                         4.38 kB │ gzip:      1.87 kB
dist/assets/http-B1LJ0uJF.js                                      4.41 kB │ gzip:      1.06 kB
dist/assets/tcl-CZd0xW_V.js                                       4.42 kB │ gzip:      1.50 kB
dist/assets/nextflow-Bbiyy34d.js                                  4.50 kB │ gzip:      1.16 kB
dist/assets/rosmsg-CAekHB0j.js                                    4.51 kB │ gzip:      1.05 kB
dist/assets/divider-B4AU91j0.js                                   4.54 kB │ gzip:      1.71 kB
dist/assets/popover-DSAN60Ml.js                                   4.56 kB │ gzip:      2.03 kB
dist/assets/ssa-parser-CsS7xs_F.js                                4.58 kB │ gzip:      2.00 kB
dist/assets/workspace-page-CW_uPCBV.js                            4.58 kB │ gzip:      1.79 kB
dist/assets/defaultLocale-C8Fc0cco.js                             4.64 kB │ gzip:      2.12 kB
dist/assets/polar-C7UOKdEL.js                                     4.66 kB │ gzip:      1.12 kB
dist/assets/sdbl-bTVj8UrX.js                                      4.69 kB │ gzip:      2.00 kB
dist/assets/fennel-DQxkIbk2.js                                    4.76 kB │ gzip:      1.53 kB
dist/assets/bibtex-Ci_nEsc7.js                                    4.78 kB │ gzip:      0.83 kB
dist/assets/vision-iPVr5ocL.js                                    4.83 kB │ gzip:      2.08 kB
dist/assets/libtv-settings-page-C1JTjhXa.js                       4.85 kB │ gzip:      2.11 kB
dist/assets/projects-DS8F9fT2.js                                  4.86 kB │ gzip:      1.05 kB
dist/assets/advancedFormat-5SU5Whod.js                            4.94 kB │ gzip:      2.24 kB
dist/assets/node-registry-tINd8WpW.js                             5.02 kB │ gzip:      1.79 kB
dist/assets/map-BaFkSB1l.js                                       5.03 kB │ gzip:      2.05 kB
dist/assets/llvm-Cm23YOpf.js                                      5.04 kB │ gzip:      2.01 kB
dist/assets/wgsl-BsKzXJz4.js                                      5.13 kB │ gzip:      1.38 kB
dist/assets/auth-scene-Dm_mM4yD.js                                5.20 kB │ gzip:      2.37 kB
dist/assets/gdresource-C0sCabJj.js                                5.28 kB │ gzip:      1.33 kB
dist/assets/canvas-drawing-storage-Co734dYu.js                    5.31 kB │ gzip:      2.29 kB
dist/assets/zig-CMLA9XwU.js                                       5.33 kB │ gzip:      1.55 kB
dist/assets/qml-Be35LeVE.js                                       5.33 kB │ gzip:      1.38 kB
dist/assets/animated-theme-toggler-CX3O9vtt.js                    5.34 kB │ gzip:      2.39 kB
dist/assets/dax-BkyTk9wS.js                                       5.35 kB │ gzip:      2.21 kB
dist/assets/bicep-CUHmPFLl.js                                     5.37 kB │ gzip:      1.14 kB
dist/assets/canvas-project-asset-modal-CQ0j8CwE.js                5.41 kB │ gzip:      2.29 kB
dist/assets/image-storage-vsyHpMvl.js                             5.42 kB │ gzip:      2.42 kB
dist/assets/canvas-drawing-editor-modal-6SWZm29o.js               5.43 kB │ gzip:      2.47 kB
dist/assets/xml-DzUK0Pry.js                                       5.44 kB │ gzip:      1.25 kB
dist/assets/awk-BWXHIvNe.js                                       5.45 kB │ gzip:      1.37 kB
dist/assets/project-workbench-CnajfQtw.js                         5.45 kB │ gzip:      2.03 kB
dist/assets/coq-BrsZFFmf.js                                       5.54 kB │ gzip:      1.91 kB
dist/assets/canvas-character-reference-modal-Ogr8_E7C.js          5.55 kB │ gzip:      2.19 kB
dist/assets/jinja-DTtnHnMF.js                                     5.62 kB │ gzip:      1.36 kB
dist/assets/register-RuNObbd5.js                                  5.68 kB │ gzip:      2.38 kB
dist/assets/linear-Clj7BvYC.js                                    5.74 kB │ gzip:      2.36 kB
dist/assets/lean-CewbzKMR.js                                      5.77 kB │ gzip:      1.91 kB
dist/assets/chunk-HOUHSVGY-DUaBfPtZ.js                            5.83 kB │ gzip:      2.68 kB
dist/assets/vidstack-DiaLSJYx-DW_w548I.js                         5.84 kB │ gzip:      2.45 kB
dist/assets/moonbit-CaWjb8XO.js                                   5.89 kB │ gzip:      1.67 kB
dist/assets/powerquery-DNMTfnFr.js                                5.89 kB │ gzip:      1.51 kB
dist/assets/diagram-WEI45ONY-BAGiOxW-.js                          5.91 kB │ gzip:      2.49 kB
dist/assets/shaderlab-TOUzSsQk.js                                 5.91 kB │ gzip:      2.08 kB
dist/assets/verilog-CiiDBU1e.js                                   5.92 kB │ gzip:      1.89 kB
dist/assets/cypher-ClKdZ_lG.js                                    5.94 kB │ gzip:      1.71 kB
dist/assets/admin-announcements-panel-v5wWnvNP.js                 6.03 kB │ gzip:      2.79 kB
dist/assets/canvas-folder-preview-Co4mApnY.js                     6.05 kB │ gzip:      2.23 kB
dist/assets/vb-Djn5o6TS.js                                        6.08 kB │ gzip:      2.33 kB
dist/assets/pieDiagram-ENE6RG2P-DRzuWYE_.js                       6.23 kB │ gzip:      2.60 kB
dist/assets/red-CJ3rzSJv.js                                       6.25 kB │ gzip:      1.59 kB
dist/assets/min-dark-BSWPekZh.js                                  6.28 kB │ gzip:      1.70 kB
dist/assets/gdshader-CBce3t8t.js                                  6.31 kB │ gzip:      1.72 kB
dist/assets/prisma-BsRQq5mF.js                                    6.32 kB │ gzip:      1.38 kB
dist/assets/ara-4CJ0cIlV.js                                       6.35 kB │ gzip:      1.80 kB
dist/assets/model-protocol-picker-Ciltv0n3.js                     6.36 kB │ gzip:      2.17 kB
dist/assets/clojure-DqKBuwfJ.js                                   6.40 kB │ gzip:      1.41 kB
dist/assets/postcss-BXeXVLqQ.js                                   6.41 kB │ gzip:      1.90 kB
dist/assets/toml-CcmNWLt0.js                                      6.41 kB │ gzip:      1.28 kB
dist/assets/feature-availability-panel-BTNLLWV3.js                6.42 kB │ gzip:      2.43 kB
dist/assets/alert-Dpx6zgVv.js                                     6.45 kB │ gzip:      2.73 kB
dist/assets/folder-preview-lab-D0AgF6Lv.js                        6.47 kB │ gzip:      2.73 kB
dist/assets/solarized-light-DSh2HLQt.js                           6.47 kB │ gzip:      1.71 kB
dist/assets/proto-DB4EqR-F.js                                     6.54 kB │ gzip:      1.41 kB
dist/assets/smalltalk-B16xEiuN.js                                 6.58 kB │ gzip:      1.61 kB
dist/assets/r-D9B56oy7.js                                         6.60 kB │ gzip:      1.83 kB
dist/assets/useForm-RQCkU-O9.js                                   6.65 kB │ gzip:      2.89 kB
dist/assets/mermaid-parser.core-Bsr99vzH.js                       6.70 kB │ gzip:      1.86 kB
dist/assets/sanitizeSvg-bZruE5N2.js                               6.74 kB │ gzip:      3.02 kB
dist/assets/talonscript-CohzipZa.js                               6.75 kB │ gzip:      1.48 kB
dist/assets/solarized-dark-DV17i1UV.js                            6.84 kB │ gzip:      1.78 kB
dist/assets/riscv-Ckw8ddFX.js                                     6.90 kB │ gzip:      1.97 kB
dist/assets/soy-ChOzCMcc.js                                       6.92 kB │ gzip:      1.62 kB
dist/assets/min-light-DDpmG2fV.js                                 6.96 kB │ gzip:      1.88 kB
dist/assets/button-B9qucIFz.js                                    6.97 kB │ gzip:      2.77 kB
dist/assets/chunk-RYQCIY6F-Bs_Je-m6.js                            7.02 kB │ gzip:      2.68 kB
dist/assets/index-lpSn3G9q.js                                     7.06 kB │ gzip:      3.39 kB
dist/assets/scheme-DQCgrYNe.js                                    7.16 kB │ gzip:      2.04 kB
dist/assets/dayjs.min-yZk4pRyU.js                                 7.18 kB │ gzip:      3.09 kB
dist/assets/vidstack-GkTzay8D-00JUGLlh.js                         7.23 kB │ gzip:      2.76 kB
dist/assets/hlsl-Cvrh5tZx.js                                      7.25 kB │ gzip:      2.18 kB
dist/assets/admin-route-pages-fZtEtAQj.js                         7.32 kB │ gzip:      2.92 kB
dist/assets/spin-D5ISJRDB.js                                      7.44 kB │ gzip:      3.08 kB
dist/assets/qss-Fe1Jh2GI.js                                       7.46 kB │ gzip:      2.57 kB
dist/assets/model-selection-DqBKT-Ak.js                           7.46 kB │ gzip:      2.92 kB
dist/assets/canvas-generation-task-sync-BYQQVy7K.js               7.51 kB │ gzip:      2.65 kB
dist/assets/react-BUD3sqOU.js                                     7.53 kB │ gzip:      2.88 kB
dist/assets/storage-settings-page-B8Rfe6oM.js                     7.60 kB │ gzip:      2.96 kB
dist/assets/access-settings-panel-D1EyRHk9.js                     7.67 kB │ gzip:      3.02 kB
dist/assets/app-theme-BF_srdv5.js                                 7.67 kB │ gzip:      2.00 kB
dist/assets/dart-DkHntEIa.js                                      7.80 kB │ gzip:      1.91 kB
dist/assets/descriptions-VLvq48kU.js                              7.83 kB │ gzip:      2.76 kB
dist/assets/systemd-BxMlprV5.js                                   7.86 kB │ gzip:      2.54 kB
dist/assets/monokai-CdkpiU2Y.js                                   7.88 kB │ gzip:      1.90 kB
dist/assets/admin-ui-1P5FP0B_.js                                  7.94 kB │ gzip:      2.98 kB
dist/assets/regexp-D77ZphON.js                                    8.05 kB │ gzip:      1.47 kB
dist/assets/director-scene-Cl-LzZzO.js                            8.11 kB │ gzip:      3.31 kB
dist/assets/Middleware-C2AyS2wp.js                                8.18 kB │ gzip:      3.48 kB
dist/assets/handoff-client-ByiqXv0q.js                            8.21 kB │ gzip:      3.41 kB
dist/assets/vidstack-D2vrrUMs-CqZZcjEo.js                         8.24 kB │ gzip:      2.90 kB
dist/assets/voice-recording-button-Bpz9CHhx.js                    8.26 kB │ gzip:      3.35 kB
dist/assets/diagram-OA4YK3LP-Dd3eaVOx.js                          8.31 kB │ gzip:      3.71 kB
dist/assets/haml-Dk5AgJFk.js                                      8.33 kB │ gzip:      1.85 kB
dist/assets/typst-DI99ib-x.js                                     8.38 kB │ gzip:      1.66 kB
dist/assets/string-f6JzSHaO.js                                    8.40 kB │ gzip:      3.60 kB
dist/assets/vue-html-Cj0ctcUy.js                                  8.47 kB │ gzip:      1.68 kB
dist/assets/canvas-storyboard-layout-DaSGbCwO.js                  8.47 kB │ gzip:      2.67 kB
dist/assets/tag-BOKdlLTk.js                                       8.48 kB │ gzip:      3.33 kB
dist/assets/plsql-DGHpHOYJ.js                                     8.50 kB │ gzip:      2.99 kB
dist/assets/si-LK-N5RQ5JYF-CMTOUAkP.js                            8.58 kB │ gzip:      3.36 kB
dist/assets/az-AZ-76LH7QW2-CX6PPJ23.js                            8.61 kB │ gzip:      3.59 kB
dist/assets/horizon-CE9ld1lL.js                                   8.77 kB │ gzip:      1.94 kB
dist/assets/kotlin-DhhofPvG.js                                    8.77 kB │ gzip:      2.12 kB
dist/assets/horizon-bright-Br1oVSNq.js                            8.78 kB │ gzip:      1.96 kB
dist/assets/dagre-VKFMJZFB-crXuRX5b.js                            8.80 kB │ gzip:      3.41 kB
dist/assets/ts-tags-BnD1MIHb.js                                   8.92 kB │ gzip:      1.20 kB
dist/assets/make-Dixweg8N.js                                      8.95 kB │ gzip:      1.76 kB
dist/assets/andromeeda-vGVdxbeo.js                                9.01 kB │ gzip:      2.35 kB
dist/assets/sas-DpB6gF-4.js                                       9.06 kB │ gzip:      3.82 kB
dist/assets/zh-HK-E62DVLB3-B4yyrnHf.js                            9.08 kB │ gzip:      4.10 kB
dist/assets/dark-plus-Cs2F2srj.js                                 9.09 kB │ gzip:      2.10 kB
dist/assets/slack-dark-DnToyrRv.js                                9.11 kB │ gzip:      1.96 kB
dist/assets/useQuery-Bmuw78JM.js                                  9.16 kB │ gzip:      3.36 kB
dist/assets/sass-DXrisJhu.js                                      9.28 kB │ gzip:      2.48 kB
dist/assets/plastic-DQwYfKfQ.js                                   9.29 kB │ gzip:      1.96 kB
dist/assets/canvas-video-merge-C7uyRNE_.js                        9.38 kB │ gzip:      3.73 kB
dist/assets/slack-ochin-B2OO5cIa.js                               9.42 kB │ gzip:      2.08 kB
dist/assets/portrait-clearance-runtime-CEQWP1rn.js                9.51 kB │ gzip:      3.02 kB
dist/assets/tex-we3ORCro.js                                       9.67 kB │ gzip:      3.06 kB
dist/assets/jison-Bb-bjV_r.js                                     9.69 kB │ gzip:      1.87 kB
dist/assets/cmake-Bj61d0ZC.js                                     9.84 kB │ gzip:      3.37 kB
dist/assets/cynefinDiagram-TSTJHNR4-DlMcCltd.js                   9.90 kB │ gzip:      3.50 kB
dist/assets/light-plus-DVQuIRkW.js                                9.93 kB │ gzip:      2.27 kB
dist/assets/canvas-emotion-D55bWTiG.js                            9.97 kB │ gzip:      4.60 kB
dist/assets/switch-ANXijKuy.js                                   10.03 kB │ gzip:      3.95 kB
dist/assets/hcl-Dh228itO.js                                      10.04 kB │ gzip:      1.93 kB
dist/assets/kk-KZ-P5N5QNE5-BmB5R-J8.js                           10.12 kB │ gzip:      4.19 kB
dist/assets/kaa-6HZHGXH3-CN6-sJ5L.js                             10.17 kB │ gzip:      4.18 kB
dist/assets/rst-9_O48jfa.js                                      10.31 kB │ gzip:      2.24 kB
dist/assets/pkl-ot-7Btpt.js                                      10.36 kB │ gzip:      1.37 kB
dist/assets/beancount-D-usSTwE.js                                10.36 kB │ gzip:      1.43 kB
dist/assets/nextflow-groovy-Dc_ddanL.js                          10.39 kB │ gzip:      2.12 kB
dist/assets/dream-maker-DW3nJb8Q.js                              10.46 kB │ gzip:      2.25 kB
dist/assets/raku-B3gFvitq.js                                     10.46 kB │ gzip:      2.94 kB
dist/assets/yaml-uB2nBBeV.js                                     10.57 kB │ gzip:      2.32 kB
dist/assets/canvas-project-card-DN11cXTY.js                      10.62 kB │ gzip:      3.99 kB
dist/assets/diagram-FQU43EPY-Cvi9Ftfi.js                         10.66 kB │ gzip:      4.12 kB
dist/assets/admin-shell-elOVkXx3.js                              10.67 kB │ gzip:      3.93 kB
dist/assets/stateDiagram-2N3HPSRC-BC5wWUMg.js                    10.68 kB │ gzip:      3.76 kB
dist/assets/just-CyyGdrCJ.js                                     10.76 kB │ gzip:      2.60 kB
dist/assets/elm-Aa2ys7L1.js                                      10.94 kB │ gzip:      2.09 kB
dist/assets/github-light-EUqPIrTm.js                             11.18 kB │ gzip:      2.49 kB
dist/assets/prolog-iXnhIJG7.js                                   11.34 kB │ gzip:      3.84 kB
dist/assets/terraform-DswuEJGm.js                                11.38 kB │ gzip:      2.51 kB
dist/assets/github-dark-C-LZuMrd.js                              11.40 kB │ gzip:      2.53 kB
dist/assets/puppet-CDv2pdJW.js                                   11.43 kB │ gzip:      2.10 kB
dist/assets/laserwave-C_8bwKvT.js                                11.49 kB │ gzip:      2.57 kB
dist/assets/runtime-policy-settings-page-DpRJeSgp.js             11.58 kB │ gzip:      4.00 kB
dist/assets/canvas-workspace-overlays-B057tR2F.js                11.79 kB │ gzip:      4.40 kB
dist/assets/storyboard-prompts-page-Ba7Jjk_k.js                  11.89 kB │ gzip:      4.72 kB
dist/assets/gherkin-DExj1W_8.js                                  11.93 kB │ gzip:      5.04 kB
dist/assets/wasm-ByWQv1Qj.js                                     12.00 kB │ gzip:      2.17 kB
dist/assets/hjson-CxZEssPk.js                                    12.04 kB │ gzip:      1.64 kB
dist/assets/handlebars-CUlggvE0.js                               12.16 kB │ gzip:      2.38 kB
dist/assets/isArrayLikeObject-BuP4GVJp.js                        12.16 kB │ gzip:      3.15 kB
dist/assets/apache-U0d_L8uA.js                                   12.44 kB │ gzip:      3.71 kB
dist/assets/redemption-codes-panel-Bu56A8iG.js                   12.45 kB │ gzip:      4.66 kB
dist/assets/lt-LT-XHIRWOB4-BHoSSHsS.js                           12.50 kB │ gzip:      5.37 kB
dist/assets/wallet-BcnY7xme.js                                   12.68 kB │ gzip:      4.51 kB
dist/assets/vesper-D5bVUKB1.js                                   12.68 kB │ gzip:      1.98 kB
dist/assets/zip-DbwGYQ9e.js                                      12.73 kB │ gzip:      6.26 kB
dist/assets/bat-Bo4NYOV-.js                                      12.88 kB │ gzip:      3.22 kB
dist/assets/fish-BJitypiv.js                                     13.03 kB │ gzip:      1.73 kB
dist/assets/v-DETTlOr0.js                                        13.20 kB │ gzip:      2.73 kB
dist/assets/user-session-D7YQ-oCU.js                             13.27 kB │ gzip:      4.35 kB
dist/assets/canvas-project-generation-DE5YRSRp.js                13.44 kB │ gzip:      4.74 kB
dist/assets/credit-operations-panel-BiyKNhD1.js                  13.44 kB │ gzip:      5.09 kB
dist/assets/vitesse-light-VbXTXTou.js                            13.61 kB │ gzip:      3.03 kB
dist/assets/aurora-x-CDeNXAV0.js                                 13.65 kB │ gzip:      2.28 kB
dist/assets/vitesse-black-fwtXNY1n.js                            13.67 kB │ gzip:      3.05 kB
dist/assets/use-external-asset-sources-DjoCljrC.js               13.71 kB │ gzip:      4.96 kB
dist/assets/vitesse-dark-BZCL-v6S.js                             13.75 kB │ gzip:      3.06 kB
dist/assets/pug-Dyx2Gc8f.js                                      13.84 kB │ gzip:      2.58 kB
dist/assets/vi-VN-M7AON7JQ-BN0_GgBW.js                           13.86 kB │ gzip:      5.79 kB
dist/assets/luau-CNKltnaQ.js                                     13.95 kB │ gzip:      3.16 kB
dist/assets/synthwave-84-nFMaYfgc.js                             14.03 kB │ gzip:      2.85 kB
dist/assets/logs-page-Cq-2rQ0y.js                                14.14 kB │ gzip:      5.56 kB
dist/assets/github-light-default-BXViO-2h.js                     14.15 kB │ gzip:      3.02 kB
dist/assets/skeleton-xnL9q1Bw.js                                 14.20 kB │ gzip:      4.47 kB
dist/assets/canvas-video-segment-dialog-D7NAVWNo.js              14.24 kB │ gzip:      5.36 kB
dist/assets/clarity-SemFz856.js                                  14.26 kB │ gzip:      2.46 kB
dist/assets/github-light-high-contrast-B68TUdTA.js               14.27 kB │ gzip:      3.00 kB
dist/assets/da-DK-5WZEPLOC-BH0mDeYl.js                           14.41 kB │ gzip:      6.08 kB
dist/assets/github-dark-dimmed-Bx1FflLF.js                       14.43 kB │ gzip:      3.11 kB
dist/assets/github-dark-default-DXG-b-1a.js                      14.43 kB │ gzip:      3.12 kB
dist/assets/shared-DQJqcDoL.js                                   14.46 kB │ gzip:      5.22 kB
dist/assets/test-voice-recording-Cn278311.js                     14.59 kB │ gzip:      5.58 kB
dist/assets/github-dark-high-contrast-B_tTalzw.js                14.59 kB │ gzip:      3.07 kB
dist/assets/canvas-CZrO5oQJ.js                                   14.66 kB │ gzip:      5.48 kB
dist/assets/gnuplot-7GGW24-e.js                                  14.77 kB │ gzip:      3.27 kB
dist/assets/query-Cy_bFdfM.js                                    14.85 kB │ gzip:      5.07 kB
dist/assets/time-V48BpMN7.js                                     14.92 kB │ gzip:      4.81 kB
dist/assets/rust-Cfkwpbl8.js                                     15.06 kB │ gzip:      2.71 kB
dist/assets/progress-BJdIGG34.js                                 15.12 kB │ gzip:      5.85 kB
dist/assets/kusto-BUv0MjJC.js                                    15.16 kB │ gzip:      3.93 kB
dist/assets/actionscript-3--17pq3dv.js                           15.19 kB │ gzip:      2.67 kB
dist/assets/model-picker-boNyxxbh.js                             15.30 kB │ gzip:      5.98 kB
dist/assets/input-oK6cXXrL.js                                    15.44 kB │ gzip:      6.45 kB
dist/assets/nix-IvuFDN5E.js                                      15.50 kB │ gzip:      2.47 kB
dist/assets/th-TH-HPSO5L25-DPpwdlwl.js                           15.52 kB │ gzip:      5.18 kB
dist/assets/lua-BF4pD4PQ.js                                      15.60 kB │ gzip:      3.19 kB
dist/assets/chunk-MOJQB5TN-CRh00x16.js                           15.64 kB │ gzip:      4.35 kB
dist/assets/diagram-G47NLZAW-9joKyuh7.js                         15.74 kB │ gzip:      5.51 kB
dist/assets/Combination-erYuSh6P.js                              15.81 kB │ gzip:      6.00 kB
dist/assets/abap-CLvhMVsD.js                                     15.84 kB │ gzip:      5.93 kB
dist/assets/nn-NO-6E72VCQL-CQy_3qwZ.js                           15.95 kB │ gzip:      6.72 kB
dist/assets/solidity-CKzVLygQ.js                                 16.06 kB │ gzip:      3.09 kB
dist/assets/matlab-D7qyCx1q.js                                   16.07 kB │ gzip:      3.06 kB
dist/assets/style-DNgge2bt.js                                    16.16 kB │ gzip:      3.80 kB
dist/assets/cue-CE9AQfxI.js                                      16.19 kB │ gzip:      2.04 kB
dist/assets/elixir-ZBegKj6G.js                                   16.26 kB │ gzip:      2.76 kB
dist/assets/prod-GM_Y2jsg.js                                     16.49 kB │ gzip:      6.64 kB
dist/assets/odin-B1RWQWA5.js                                     16.50 kB │ gzip:      2.92 kB
dist/assets/nl-NL-IS3SIHDZ-C3YsHzHP.js                           16.73 kB │ gzip:      6.92 kB
dist/assets/home-F4R2A3Ek.js                                     16.78 kB │ gzip:      5.06 kB
dist/assets/project-asset-sync-Cd__3KqQ.js                       16.91 kB │ gzip:      5.60 kB
dist/assets/bird2-C2hNVINV.js                                    16.96 kB │ gzip:      3.84 kB
dist/assets/kanagawa-wave-CTweb8Dz.js                            17.12 kB │ gzip:      2.90 kB
dist/assets/kanagawa-lotus-BN08jTvb.js                           17.12 kB │ gzip:      2.90 kB
dist/assets/kanagawa-dragon-CXtmUGW6.js                          17.12 kB │ gzip:      2.92 kB
dist/assets/ishikawaDiagram-FXEZZL3T-DQMH6oga.js                 17.34 kB │ gzip:      6.53 kB
dist/assets/move-B1IS1UjX.js                                     17.49 kB │ gzip:      3.06 kB
dist/assets/my-MM-5M5IBNSE-DZiAYdV5.js                           17.57 kB │ gzip:      5.29 kB
dist/assets/eagle-C2OLK-sF.js                                    17.63 kB │ gzip:      5.98 kB
dist/assets/graphql-BVCjFJgP.js                                  18.08 kB │ gzip:      2.54 kB
dist/assets/hu-HU-A5ZG7DT2-Ca9WOnvs.js                           18.08 kB │ gzip:      7.58 kB
dist/assets/liquid-htIxSkY0.js                                   18.10 kB │ gzip:      3.14 kB
dist/assets/Input-DdSZnTFF.js                                    18.21 kB │ gzip:      7.06 kB
dist/assets/svelte-Dj0As3Vu.js                                   18.24 kB │ gzip:      3.14 kB
dist/assets/fi-FI-Z5N7JZ37-DR9NOTOV.js                           18.40 kB │ gzip:      7.53 kB
dist/assets/use-local-runtime-store-DO3LbyNE.js                  18.49 kB │ gzip:      6.68 kB
dist/assets/floating-ui.dom-D7DKB-bl.js                          18.59 kB │ gzip:      7.35 kB
dist/assets/material-theme-Bm3Qr25_.js                           18.61 kB │ gzip:      3.10 kB
dist/assets/material-theme-darker-2IIEA8gg.js                    18.62 kB │ gzip:      3.10 kB
dist/assets/material-theme-ocean-CHQ94UKr.js                     18.62 kB │ gzip:      3.12 kB
dist/assets/material-theme-lighter-uhdI0v04.js                   18.63 kB │ gzip:      3.10 kB
dist/assets/material-theme-palenight-B5W6OYN7.js                 18.63 kB │ gzip:      3.11 kB
dist/assets/kab-KAB-ZGHBKWFO-B05jKi_Y.js                         18.78 kB │ gzip:      7.55 kB
dist/assets/chunk-ICXQ74PX-BfXDU541.js                           18.91 kB │ gzip:      6.15 kB
dist/assets/gdscript-Cp2uCuqX.js                                 18.98 kB │ gzip:      3.75 kB
dist/assets/zh-TW-RAJ6MFWO-wJxxsdcm.js                           18.99 kB │ gzip:      8.86 kB
dist/assets/zh-CN-LNUGB5OW-DJ5WznEb.js                           19.05 kB │ gzip:      8.87 kB
dist/assets/lv-LV-5QDEKY6T-fHfcxaul.js                           19.14 kB │ gzip:      7.79 kB
dist/assets/groovy-CacY0gHj.js                                   19.17 kB │ gzip:      3.59 kB
dist/assets/gl-ES-HMX3MZ6V-BOS6fs7a.js                           19.39 kB │ gzip:      7.73 kB
dist/assets/tr-TR-DEFEU3FU-DCocKzxT.js                           19.51 kB │ gzip:      7.96 kB
dist/assets/cs-CZ-2BRQDIVT-CNuzm2ti.js                           19.52 kB │ gzip:      8.40 kB
dist/assets/mdc-BwGL0Z9o.js                                      19.54 kB │ gzip:      6.66 kB
dist/assets/pt-PT-UZXXM6DQ-BFNWM_9Q.js                           19.65 kB │ gzip:      7.79 kB
dist/assets/id-ID-SAP4L64H-B82Ing4Q.js                           19.68 kB │ gzip:      7.68 kB
dist/assets/segmented-ifqtFgh6.js                                19.77 kB │ gzip:      7.62 kB
dist/assets/ca-ES-6MX7JW3Y-B7a65MmT.js                           19.79 kB │ gzip:      7.90 kB
dist/assets/oc-FR-POXYY2M6-DIZBURVR.js                           19.84 kB │ gzip:      7.79 kB
dist/assets/ayu-dark-DluEY0Gj.js                                 20.07 kB │ gzip:      3.93 kB
dist/assets/ayu-mirage-Bqwy1Gya.js                               20.08 kB │ gzip:      3.91 kB
dist/assets/glimmer-js-nibZcW0E.js                               20.08 kB │ gzip:      2.94 kB
dist/assets/glimmer-ts-CiNDKS9-.js                               20.08 kB │ gzip:      2.93 kB
dist/assets/nb-NO-T6EIAALU-D7dSdKnw.js                           20.10 kB │ gzip:      8.19 kB
dist/assets/powershell-DshXNtvi.js                               20.14 kB │ gzip:      4.05 kB
dist/assets/ayu-light-C3h-C4tm.js                                20.14 kB │ gzip:      3.89 kB
dist/assets/kanban-definition-HUTT4EX6-DMQnkFIi.js               20.30 kB │ gzip:      7.16 kB
dist/assets/he-IL-6SHJWFNN-y8Xro-Hs.js                           20.32 kB │ gzip:      7.54 kB
dist/assets/viml-DvXPmvsu.js                                     20.35 kB │ gzip:      6.73 kB
dist/assets/nushell-DcLAeLz5.js                                  20.40 kB │ gzip:      5.21 kB
dist/assets/bg-BG-XCXSNQG7-Cs6Khsv3.js                           20.76 kB │ gzip:      7.39 kB
dist/assets/snazzy-light-4G7pJPwS.js                             20.77 kB │ gzip:      3.80 kB
dist/assets/typography-CN2BYRQ-.js                               20.82 kB │ gzip:      8.17 kB
dist/assets/twig-Cj9Y_GTX.js                                     20.90 kB │ gzip:      3.66 kB
dist/assets/pt-BR-5N22H2LF-DbeRIpdY.js                           21.04 kB │ gzip:      8.22 kB
dist/assets/dracula-BHWKrbxM.js                                  21.06 kB │ gzip:      3.99 kB
dist/assets/dracula-soft-5eyTD99u.js                             21.07 kB │ gzip:      4.02 kB
dist/assets/eu-ES-A7QVB2H4-CthO8adp.js                           21.20 kB │ gzip:      8.23 kB
dist/assets/es-ES-U4NZUMDT-Cjjm36YJ.js                           21.35 kB │ gzip:      8.49 kB
dist/assets/sl-SI-NN7IZMDC-DpcmvuD_.js                           21.36 kB │ gzip:      8.59 kB
dist/assets/wit-DdvCle-K.js                                      21.46 kB │ gzip:      2.87 kB
dist/assets/sv-SE-XGPEYMSR-CSVBG_N9.js                           21.51 kB │ gzip:      8.56 kB
dist/assets/use-asset-store-Xjc60XIL.js                          21.55 kB │ gzip:      6.64 kB
dist/assets/projects-BWUDrpzq.js                                 21.67 kB │ gzip:      7.61 kB
dist/assets/rose-pine-BthvhNj6.js                                21.74 kB │ gzip:      3.86 kB
dist/assets/rose-pine-moon-hon4tzzS.js                           21.75 kB │ gzip:      3.87 kB
dist/assets/rose-pine-dawn-Dg85fqjY.js                           21.75 kB │ gzip:      3.88 kB
dist/assets/it-IT-JPQ66NNP-BF5WhzQe.js                           22.06 kB │ gzip:      8.58 kB
dist/assets/[REDACTED_API_KEY].js                           22.31 kB │ gzip:      9.11 kB
dist/assets/chunk-6U3AYISY-C6-Mtja1.js                           22.44 kB │ gzip:      8.62 kB
dist/assets/nim-DmDMFNUJ.js                                      22.45 kB │ gzip:      3.15 kB
dist/assets/input-number-xqhQQFLU.js                             22.49 kB │ gzip:      8.19 kB
dist/assets/pl-PL-T2D74RX3-DoD6MPPj.js                           22.50 kB │ gzip:      9.23 kB
dist/assets/users-page-D7QkTaf_.js                               22.52 kB │ gzip:      7.56 kB
dist/assets/common-lisp-Cv5bFMCO.js                              22.57 kB │ gzip:      6.07 kB
dist/assets/surrealql-BQstUV05.js                                22.58 kB │ gzip:      4.31 kB
dist/assets/gruvbox-dark-hard-C820rvS2.js                        22.63 kB │ gzip:      4.15 kB
dist/assets/gruvbox-dark-soft-MrdJrrXF.js                        22.63 kB │ gzip:      4.15 kB
dist/assets/gruvbox-light-hard-BC_s9l72.js                       22.63 kB │ gzip:      4.16 kB
dist/assets/gruvbox-light-soft-BSMLrYjP.js                       22.63 kB │ gzip:      4.16 kB
dist/assets/gruvbox-dark-medium-BPjhmG05.js                      22.63 kB │ gzip:      4.15 kB
dist/assets/gruvbox-light-medium-BAWPOn9u.js                     22.63 kB │ gzip:      4.16 kB
dist/assets/sankeyDiagram-HTMAVEWB-C-nMMK6G.js                   22.81 kB │ gzip:      8.26 kB
dist/assets/ro-RO-JPDTUUEW-t6bBEaTN.js                           23.15 kB │ gzip:      8.94 kB
dist/assets/journeyDiagram-5HDEW3XC-P0rwGMVJ.js                  23.20 kB │ gzip:      8.17 kB
dist/assets/de-DE-XR44H4JA-CHTzIL3Q.js                           23.34 kB │ gzip:      8.97 kB
dist/assets/ja-JP-DBVTYXUO-DGbqQKjE.js                           23.40 kB │ gzip:      8.79 kB
dist/assets/fr-FR-RHASNOE6-9lWBXiRq.js                           23.45 kB │ gzip:      8.87 kB
dist/assets/sql-DAk8t4E1.js                                      23.47 kB │ gzip:      7.49 kB
dist/assets/mindmap-definition-LN4V7U3C-CkuUM9aM.js              23.49 kB │ gzip:      8.03 kB
dist/assets/bn-BD-2XOGV67Q-B_KqQNfE.js                           23.60 kB │ gzip:      6.68 kB
dist/assets/lib-Jn4gruJd.js                                      23.65 kB │ gzip:      8.70 kB
dist/assets/cadence-CQ2zXKGN.js                                  23.66 kB │ gzip:      3.65 kB
dist/assets/canvas-subtitle-dialog-hFYt0MHQ.js                   23.67 kB │ gzip:      8.61 kB
dist/assets/ko-KR-MTYHY66A-BDPjpu9S.js                           23.88 kB │ gzip:      9.18 kB
dist/assets/graphlib-DS17s2tU.js                                 23.90 kB │ gzip:      8.31 kB
dist/assets/form-Cg2x5Xuc.js                                     23.97 kB │ gzip:      9.40 kB
dist/assets/typespec-B88KGewJ.js                                 24.01 kB │ gzip:      2.58 kB
dist/assets/astro-D7LRhiig.js                                    24.02 kB │ gzip:      7.59 kB
dist/assets/apl-Cg3VgmnT.js                                      24.02 kB │ gzip:      4.17 kB
dist/assets/templ-BPUG9C8b.js                                    24.06 kB │ gzip:      5.41 kB
dist/assets/fa-IR-HGAKTJCU-DEGQDORr.js                           24.24 kB │ gzip:      8.44 kB
dist/assets/angular-html-Da2ImPYj.js                             24.24 kB │ gzip:      3.99 kB
dist/assets/vhdl-BroJfC0k.js                                     24.25 kB │ gzip:      3.86 kB
dist/assets/vue-BTEOc_VE.js                                      24.48 kB │ gzip:      2.95 kB
dist/assets/purescript-9MfHhQsQ.js                               24.67 kB │ gzip:      3.24 kB
dist/assets/wardleyDiagram-EHGQE667-DeqJKj0v.js                  25.22 kB │ gzip:      6.54 kB
dist/assets/one-light-D7Lr4KcI.js                                25.29 kB │ gzip:      3.63 kB
dist/assets/fsharp-D13ZGOAj.js                                   25.30 kB │ gzip:      4.12 kB
dist/assets/marko-CYoducAR.js                                    25.48 kB │ gzip:      3.59 kB
dist/assets/c3-CnJL0r0V.js                                       25.62 kB │ gzip:      3.85 kB
dist/assets/ar-SA-G6X2FPQ2-CmJArCrY.js                           25.67 kB │ gzip:      9.12 kB
dist/assets/skills-CwtDvM0s.js                                   25.69 kB │ gzip:      9.40 kB
dist/assets/night-owl-light-eJ-hLW7d.js                          25.89 kB │ gzip:      4.23 kB
dist/assets/system-verilog-DJ5XKQeo.js                           26.19 kB │ gzip:      4.82 kB
dist/assets/nord-Cb4Vim4T.js                                     26.72 kB │ gzip:      4.35 kB
dist/assets/bundle-mjs-DxdGK6Xj.js                               26.85 kB │ gzip:      8.55 kB
dist/assets/codeql-oeQT6MSM.js                                   26.87 kB │ gzip:      3.79 kB
dist/assets/rough.esm-CSKSodPl.js                                27.10 kB │ gzip:      8.85 kB
dist/assets/erDiagram-Q63AITRT-BxmHz4xy.js                       27.12 kB │ gzip:      9.44 kB
dist/assets/scss-CKrqXKNz.js                                     27.26 kB │ gzip:      4.23 kB
dist/assets/java-DJul3uN_.js                                     27.28 kB │ gzip:      4.31 kB
dist/assets/coffee-68oYHmZj.js                                   27.42 kB │ gzip:      6.35 kB
dist/assets/razor-DrbTumE-.js                                    27.45 kB │ gzip:      3.54 kB
dist/assets/pa-IN-N4M65BXN-DTb3q35x.js                           27.98 kB │ gzip:      7.98 kB
dist/assets/plugins-CNV70hh-.js                                  28.54 kB │ gzip:     10.54 kB
dist/assets/app-changelog-modal-Bs4kUtgy.js                      28.72 kB │ gzip:     13.36 kB
dist/assets/scala-DKOlJaKm.js                                    28.87 kB │ gzip:      3.92 kB
dist/assets/night-owl-DhmEMT88.js                                28.91 kB │ gzip:      5.14 kB
dist/assets/gitGraphDiagram-IHSO6WYX-DVX4YQQw.js                 29.02 kB │ gzip:      8.57 kB
dist/assets/localforage-BdKsPWsA.js                              29.07 kB │ gzip:      8.96 kB
dist/assets/drawer-DV_85voD.js                                   29.13 kB │ gzip:     11.25 kB
dist/assets/ku-TR-6OUDTVRD-Dbpy2ti8.js                           29.32 kB │ gzip:      9.27 kB
dist/assets/builtin-P_0guAmz.js                                  29.38 kB │ gzip:     12.26 kB
dist/assets/crystal-DHHDVHRy.js                                  29.41 kB │ gzip:      4.44 kB
dist/assets/mermaid-Bk4SNUv9.js                                  29.50 kB │ gzip:      3.64 kB
dist/assets/applescript-CCn79oCD.js                              29.56 kB │ gzip:      5.94 kB
dist/assets/el-GR-BZB4AONW-Dva8yNQW.js                           29.67 kB │ gzip:      9.61 kB
dist/assets/portrait-clearance-modal-xyJ1FV61.js                 30.10 kB │ gzip:      9.40 kB
dist/assets/vidstack-CvezEmSQ-BZ8lgImu.js                        30.10 kB │ gzip:     10.40 kB
dist/assets/src-hphekWJG.js                                      30.14 kB │ gzip:      9.49 kB
dist/assets/timeline-definition-FHXFAJF6-Cnm9LyA0.js             30.41 kB │ gzip:      9.98 kB
dist/assets/ru-RU-B4JR7IUQ-COPBSqpj.js                           30.74 kB │ gzip:      9.86 kB
dist/assets/julia-CWUaLFvh.js                                    30.99 kB │ gzip:      4.30 kB
dist/assets/requirementDiagram-TGXJPOKE-DTB1yQkQ.js              31.02 kB │ gzip:      9.78 kB
dist/assets/stylus-B6D30XZt.js                                   31.06 kB │ gzip:      8.01 kB
dist/assets/image-8WljT64L.js                                    31.36 kB │ gzip:      9.91 kB
dist/assets/plugin-catalog-W4olnubB.js                           31.56 kB │ gzip:      6.43 kB
dist/assets/uk-UA-QMV73CPH-BmsMraMH.js                           31.64 kB │ gzip:     10.11 kB
dist/assets/pica-Dfhi0Fmi.js                                     31.82 kB │ gzip:     12.47 kB
dist/assets/dagre-dpRSp0QF.js                                    32.05 kB │ gzip:     11.58 kB
dist/assets/assets-CoPePNiA.js                                   32.06 kB │ gzip:     10.52 kB
dist/assets/hi-IN-IWLTKZ5I-CdBXzLxe.js                           32.35 kB │ gzip:      9.08 kB
dist/assets/tasks-C2nAWhXm.js                                    33.04 kB │ gzip:     11.49 kB
dist/assets/poimandres-DRFjx7u4.js                               33.49 kB │ gzip:      5.49 kB
dist/assets/quadrantDiagram-ABIIQ3AL-Cy0uwMU2.js                 33.54 kB │ gzip:      9.74 kB
dist/assets/one-dark-pro-CLwyXe_n.js                             33.78 kB │ gzip:      5.50 kB
dist/assets/bsl-BkkzgIyY.js                                      33.86 kB │ gzip:      8.34 kB
dist/assets/logical-models-page-ijYf3hjq.js                      33.98 kB │ gzip:     10.76 kB
dist/assets/chunk-52WLFC77-DyxSC3xD.js                           33.99 kB │ gzip:      7.33 kB
dist/assets/channels-page-DoqqM7Hz.js                            34.75 kB │ gzip:     10.25 kB
dist/assets/canvas-timeline-dialog-CTDSDFaF.js                   34.84 kB │ gzip:     11.07 kB
dist/assets/upload-DfPgE-np.js                                   35.10 kB │ gzip:     12.79 kB
dist/assets/haxe-OTjmBuCE.js                                     35.15 kB │ gzip:      5.90 kB
dist/assets/useModal-C7MuIoIw.js                                 35.26 kB │ gzip:     12.60 kB
dist/assets/ta-IN-2NMHFXQM-EwivfUbP.js                           35.27 kB │ gzip:      8.50 kB
dist/assets/nginx-YcT3QO7G.js                                    35.35 kB │ gzip:      4.45 kB
dist/assets/houston-CsvMBhTu.js                                  35.41 kB │ gzip:      5.76 kB
dist/assets/tokyo-night-oM2G3aXe.js                              35.66 kB │ gzip:      6.22 kB
dist/assets/dropdown-B9MUFEyt.js                                 35.73 kB │ gzip:     10.23 kB
dist/assets/km-KH-HSX4SM5Z-C7X9RyfM.js                           36.65 kB │ gzip:      9.21 kB
dist/assets/EllipsisOutlined-6c-tRsLJ.js                         37.03 kB │ gzip:     12.56 kB
dist/assets/context-BEtCleWL.js                                  37.44 kB │ gzip:     13.79 kB
dist/assets/erlang-Cphh6RMH.js                                   37.47 kB │ gzip:      4.36 kB
dist/assets/chunk-EX3LRPZG-DcWoTa9F.js                           37.76 kB │ gzip:     12.30 kB
dist/assets/lib-fsqKa5He.js                                      38.29 kB │ gzip:     11.49 kB
dist/assets/cobol-CSZIDYWx.js                                    39.09 kB │ gzip:     10.89 kB
dist/assets/xychartDiagram-FW5EYKEG-BoupKZjP.js                  40.35 kB │ gzip:     11.21 kB
dist/assets/asm-Cmm7eHzH.js                                      40.71 kB │ gzip:      8.16 kB
dist/assets/tabs-DLAXwYIr.js                                     40.78 kB │ gzip:     13.68 kB
dist/assets/vennDiagram-L72KCM5P-DrVE5hes.js                     41.18 kB │ gzip:     15.11 kB
dist/assets/haskell-D8IpX4py.js                                  41.48 kB │ gzip:      6.41 kB
dist/assets/shellscript-xyv2Ai2R.js                              41.54 kB │ gzip:      6.13 kB
dist/assets/chunk-ZIRB5QZD-C6fEPe3t.js                           41.86 kB │ gzip:     14.23 kB
dist/assets/tooltip-CBhV18Oe.js                                  42.13 kB │ gzip:     15.51 kB
dist/assets/mr-IN-CRQNXWMA-CnAAOoXX.js                           42.25 kB │ gzip:     10.68 kB
dist/assets/perl-L_VLWuBs.js                                     43.14 kB │ gzip:      4.64 kB
dist/assets/d-qD-0Kul2.js                                        43.78 kB │ gzip:      8.43 kB
dist/assets/image-blob-reduce.esm-DLFdRAwc.js                    45.44 kB │ gzip:     16.30 kB
dist/assets/ruby-DiTzTPD2.js                                     45.83 kB │ gzip:      5.56 kB
dist/assets/request-D0wssfL1.js                                  45.90 kB │ gzip:     17.47 kB
dist/assets/go-BJwz_mda.js                                       46.80 kB │ gzip:      5.15 kB
dist/assets/chunk-Q4XR5HBZ-BO5m2ncm.js                           46.87 kB │ gzip:     14.75 kB
dist/assets/apex-CGTLDQj6.js                                     46.97 kB │ gzip:      6.72 kB
dist/assets/catppuccin-mocha-DYhrFGRu.js                         47.25 kB │ gzip:      7.98 kB
dist/assets/catppuccin-latte-DwIHMF0Q.js                         47.25 kB │ gzip:      7.98 kB
dist/assets/catppuccin-frappe-3VR1Za6u.js                        47.25 kB │ gzip:      7.99 kB
dist/assets/catppuccin-macchiato-DYnBP6_5.js                     47.26 kB │ gzip:      7.99 kB
dist/assets/use-config-store-C4cFFAxj.js                         48.04 kB │ gzip:     14.89 kB
dist/assets/ada-C5qYipkI.js                                      48.07 kB │ gzip:      5.96 kB
dist/assets/chunk-V7JOEXUC-dvYmImIx.js                           48.84 kB │ gzip:     15.75 kB
dist/assets/css-CgQmFL-t.js                                      49.08 kB │ gzip:     11.95 kB
dist/assets/imba-DsUTQ-LC.js                                     49.92 kB │ gzip:      9.47 kB
dist/assets/ganttDiagram-NO4QXBWP-DkFqXlMc.js                    49.97 kB │ gzip:     16.56 kB
dist/assets/color-picker-DvYfXSeP.js                             50.39 kB │ gzip:     17.48 kB
dist/assets/everforest-dark-sB-x3p7T.js                          53.74 kB │ gzip:      8.37 kB
dist/assets/everforest-light-Df2xbC6M.js                         53.74 kB │ gzip:      8.36 kB
dist/assets/canvas-project-domain-BRl2xXWs.js                    55.40 kB │ gzip:     17.79 kB
dist/assets/wikitext-ClFFjSW2.js                                 55.87 kB │ gzip:      4.81 kB
dist/assets/stata-DWVk40Jf.js                                    56.99 kB │ gzip:     12.39 kB
dist/assets/html-2owMSsYc.js                                     57.32 kB │ gzip:     11.78 kB
dist/assets/tree-D3Y_U3rc.js                                     57.36 kB │ gzip:     18.11 kB
dist/assets/ballerina-B7ZEbQpA.js                                58.68 kB │ gzip:      8.10 kB
dist/assets/markdown-BYOwaDjH.js                                 59.32 kB │ gzip:      5.66 kB
dist/assets/chunk-PUDLZKDR-BGWFFIBw.js                           60.20 kB │ gzip:     19.54 kB
dist/assets/vidstack-B9fTkxQO-C8d5NVm6.js                        60.86 kB │ gzip:     21.70 kB
dist/assets/ocaml-O90oeIOV.js                                    62.44 kB │ gzip:      5.04 kB
dist/assets/video-DcWQqFLe.js                                    67.44 kB │ gzip:     19.90 kB
dist/assets/c4Diagram-LMCZKHZV-DWz2lQPI.js                       69.20 kB │ gzip:     19.34 kB
dist/assets/hooks-CuH2VyoS.js                                    69.60 kB │ gzip:     23.05 kB
dist/assets/mojo-BgCJLMeH.js                                     69.79 kB │ gzip:      9.21 kB
dist/assets/python-gzcpVVnB.js                                   69.94 kB │ gzip:      9.09 kB
dist/assets/c-Bp9SPJXV.js                                        72.17 kB │ gzip:     10.55 kB
dist/assets/latex-dDT3L_Pr.js                                    72.61 kB │ gzip:      6.68 kB
dist/assets/blockDiagram-677ZJIJ3-BuVQQJdz.js                    72.81 kB │ gzip:     20.72 kB
dist/assets/vyper-CgoNMtux.js                                    74.64 kB │ gzip:     10.69 kB
dist/assets/canvas-assistant-panel-BJy0EIPv.js                   76.32 kB │ gzip:     25.61 kB
dist/assets/application-Dn0cyzYu.js                              79.00 kB │ gzip:     24.92 kB
dist/assets/hack-CX65dzJU.js                                     80.18 kB │ gzip:     26.27 kB
dist/assets/select-DyCcxnZ9.js                                   80.77 kB │ gzip:     27.90 kB
dist/assets/cose-bilkent-JH36ORCC--pCkxEly.js                    81.44 kB │ gzip:     21.59 kB
dist/assets/canvas-local-agent-panel-DzpP4RTi.js                 83.45 kB │ gzip:     26.54 kB
dist/assets/dist-CwFb5v1K.js                                     85.69 kB │ gzip:     27.56 kB
dist/assets/swift-DonLKvLd.js                                    86.68 kB │ gzip:     14.69 kB
dist/assets/create-BiaQoD-s.js                                   88.63 kB │ gzip:     26.54 kB
dist/assets/fortran-free-form-CYNrtFtB.js                        88.96 kB │ gzip:     11.18 kB
dist/assets/csharp-Ct8U2NOr.js                                   89.68 kB │ gzip:     10.64 kB
dist/assets/racket-DcIDlBhZ.js                                   92.38 kB │ gzip:     15.07 kB
dist/assets/less-DVTAwKKz.js                                     97.62 kB │ gzip:     14.84 kB
dist/assets/chunk-ZGVPDNZ5-C3lWRQ3z.js                          101.88 kB │ gzip:     24.83 kB
dist/assets/model-logo-DBuWNHzO.js                              103.46 kB │ gzip:     13.53 kB
dist/assets/blade-DE2J2P4J.js                                   104.97 kB │ gzip:     28.30 kB
dist/assets/objective-c-D1A_Heim.js                             105.40 kB │ gzip:     23.63 kB
dist/assets/canvas-asset-handoff-oGeSyR-a.js                    106.54 kB │ gzip:     34.56 kB
dist/assets/php-DjG8FNj4.js                                     111.05 kB │ gzip:     28.65 kB
dist/assets/lib-ClulgRKV.js                                     113.36 kB │ gzip:     34.44 kB
dist/assets/swimlanes-5IMT3BWC-CaDMDMpX.js                      114.10 kB │ gzip:     39.15 kB
dist/assets/sequenceDiagram-DBY2YBRQ-kGrp70t1.js                115.86 kB │ gzip:     30.61 kB
dist/assets/canvas-style-picker-modal-ByvgGIVW.js               116.35 kB │ gzip:     39.58 kB
dist/assets/proxy-Cskwh4wq.js                                   125.47 kB │ gzip:     41.51 kB
dist/assets/analytics-panel-CG4wS9zT.js                         129.92 kB │ gzip:     41.74 kB
dist/assets/asciidoc-DE70LPWp.js                                131.52 kB │ gzip:      9.31 kB
dist/assets/mdx-DQZ5AkYe.js                                     136.10 kB │ gzip:     23.54 kB
dist/assets/settings-DbMVrU_6.js                                139.44 kB │ gzip:     43.35 kB
dist/assets/table-BUDXPniO.js                                   144.67 kB │ gzip:     47.15 kB
dist/assets/architectureDiagram-ZJ3FMSHR-DqoR8SdB.js            148.90 kB │ gzip:     41.09 kB
dist/assets/canvas-emotion-workspace-BQAgKwN1.js                150.95 kB │ gzip:     52.15 kB
dist/assets/react-three-fiber.esm-DwmzcU0s.js                   154.87 kB │ gzip:     49.45 kB
dist/assets/canvas-director-workbench-wO1L-q3q.js               157.45 kB │ gzip:     44.92 kB
dist/assets/objective-cpp-BsSzOQcm.js                           171.96 kB │ gzip:     30.98 kB
dist/assets/client-8n1JWgYo.js                                  174.85 kB │ gzip:     55.09 kB
dist/assets/javascript-DC7Y13dy.js                              174.89 kB │ gzip:     16.68 kB
dist/assets/detail-B5OFj4HG.js                                  175.17 kB │ gzip:     52.29 kB
dist/assets/tsx-Db8p8m2t.js                                     175.60 kB │ gzip:     16.68 kB
dist/assets/jsx-C97fCUqH.js                                     177.85 kB │ gzip:     16.77 kB
dist/assets/typescript-DToX5D_l.js                              181.14 kB │ gzip:     16.29 kB
dist/assets/angular-ts-CfbQ_CSh.js                              183.73 kB │ gzip:     16.78 kB
dist/assets/vue-vine-B0hpy35H.js                                190.05 kB │ gzip:     18.07 kB
dist/assets/canvas-resource-mention-textarea-oLaYs5JQ.js        206.83 kB │ gzip:     66.64 kB
dist/assets/chunk-WYO6CB5R-DB6cQXIR.js                          234.63 kB │ gzip:     37.82 kB
dist/assets/ContextIsolator-6Oyz8lM-.js                         248.89 kB │ gzip:     85.87 kB
dist/assets/katex-B7rAX3Vi.js                                   258.87 kB │ gzip:     77.46 kB
dist/assets/wolfram-DLL8P-h_.js                                 262.38 kB │ gzip:     77.63 kB
dist/assets/chunk-BO2N2NFS-D3jml2I8.js                          297.53 kB │ gzip:     92.13 kB
dist/assets/CartesianChart-CiK5hve_.js                          308.81 kB │ gzip:     86.54 kB
dist/assets/dist-IdtxwSiE.js                                    364.10 kB │ gzip:    114.43 kB
dist/assets/canvas-node-DNkUC0BC.js                             370.92 kB │ gzip:    105.18 kB
dist/assets/prompt-code-editor-CWbyL6zA.js                      389.65 kB │ gzip:    125.39 kB
dist/assets/cytoscape.esm-CQFVGiJu.js                           435.27 kB │ gzip:    137.88 kB
dist/assets/chunk-K2UTITRG-C9QlK2ur.js                          532.83 kB │ gzip:    179.01 kB
dist/assets/prod-CVnevaG5.js                                    548.38 kB │ gzip:    164.25 kB
dist/assets/wasm-BnjxR4X6.js                                    622.32 kB │ gzip:    232.09 kB
dist/assets/cpp-qzvOo2yl.js                                     626.13 kB │ gzip:     48.10 kB
dist/assets/chunk-KEIR6QF5-Dj-OpFgW.js                          662.68 kB │ gzip:    143.23 kB
dist/assets/three.module-BlSwiECm.js                            725.62 kB │ gzip:    185.12 kB
dist/assets/emacs-lisp-C9PiwqqW.js                              779.84 kB │ gzip:    197.53 kB
dist/assets/project-5LYS5VVT.js                                 877.27 kB │ gzip:    261.64 kB
dist/assets/dist-esm-B2wjmUMQ.js                              1,414.31 kB │ gzip:    390.65 kB
dist/assets/chunk-EIO257PC-CSbDGS6Q.js                        1,821.04 kB │ gzip:    744.22 kB

✓ built in 1.63s

> @filmos/chatgpt-app@0.1.0 build:contracts
> npm --prefix ../../packages/filmos-tool-contracts run build


> @filmos/tool-contracts@1.0.0 build
> npm run generate && tsc -p tsconfig.json


> @filmos/tool-contracts@1.0.0 generate
> node scripts/generate.mjs


> @filmos/chatgpt-app@0.1.0 build:widget
> node scripts/build-widget.mjs

  [27ms]  bundle  368 modules
  [59ms] compile  $TMP
   [2ms]  bundle  3 modules
  [59ms] compile  $TMP
$ bun run build:bridge && tsc --noEmit && vite build
$ bun ../canvas-agent/scripts/build-comfy-bridge.ts
[plugin builtin:vite-reporter]
(!) Some chunks are larger than 500 kB after minification. Consider:
- Using dynamic import() to code-split the application
- Use build.rolldownOptions.output.codeSplitting to improve chunking: https://rolldown.rs/reference/OutputOptions.codeSplitting
- Adjust chunk size limit for this warning via build.chunkSizeWarningLimit.
36 INFO: PyInstaller: 6.22.2, contrib hooks: 2026.7
36 INFO: Python: 3.14.0
41 INFO: Platform: macOS-26.6.2-arm64-arm-64bit-Mach-O
41 INFO: Python environment: $REPO/.local/acceptance-venv
42 INFO: wrote $TMP
43 INFO: Removing temporary files and cleaning cache in $HOME/Library/Application Support/pyinstaller
209 INFO: Module search paths (PYTHONPATH):
['$REPO',
 '/Library/Frameworks/Python.framework/Versions/3.14/lib/python314.zip',
 '/Library/Frameworks/Python.framework/Versions/3.14/lib/python3.14',
 '/Library/Frameworks/Python.framework/Versions/3.14/lib/python3.14/lib-dynload',
 '$REPO/.local/acceptance-venv/lib/python3.14/site-packages',
 '$REPO/film-core/src',
 '$REPO/desktop/macos/runtime',
 '$REPO/film-core/src']
274 INFO: checking Analysis
274 INFO: Building Analysis because Analysis-00.toc is non existent
274 INFO: Looking for Python shared library...
277 INFO: Using Python shared library: /Library/Frameworks/Python.framework/Versions/3.14/Python
277 INFO: Running Analysis Analysis-00.toc
277 INFO: Target bytecode optimization level: 0
277 INFO: Initializing module dependency graph...
278 INFO: Initializing module graph hook caches...
284 INFO: Analyzing modules for base_library.zip ...
776 INFO: Processing standard module hook 'hook-encodings.py' from '$REPO/.local/acceptance-venv/lib/python3.14/site-packages/PyInstaller/hooks'
894 INFO: Processing standard module hook 'hook-math.py' from '$REPO/.local/acceptance-venv/lib/python3.14/site-packages/PyInstaller/hooks'
1512 INFO: Processing standard module hook 'hook-difflib.py' from '$REPO/.local/acceptance-venv/lib/python3.14/site-packages/PyInstaller/hooks'
1517 INFO: Processing standard module hook 'hook-heapq.py' from '$REPO/.local/acceptance-venv/lib/python3.14/site-packages/PyInstaller/hooks'
1561 INFO: Processing standard module hook 'hook-pickle.py' from '$REPO/.local/acceptance-venv/lib/python3.14/site-packages/PyInstaller/hooks'
2170 INFO: Caching module dependency graph...
2181 INFO: Analyzing $REPO/desktop/macos/runtime/film-core-launcher.py
2182 INFO: Processing standard module hook 'hook-uvicorn.py' from '$REPO/.local/acceptance-venv/lib/python3.14/site-packages/_pyinstaller_hooks_contrib/stdhooks'
2349 INFO: Processing standard module hook 'hook-multiprocessing.util.py' from '$REPO/.local/acceptance-venv/lib/python3.14/site-packages/PyInstaller/hooks'
2389 INFO: Processing standard module hook 'hook-xml.py' from '$REPO/.local/acceptance-venv/lib/python3.14/site-packages/PyInstaller/hooks'
2496 INFO: Processing standard module hook 'hook-_ctypes.py' from '$REPO/.local/acceptance-venv/lib/python3.14/site-packages/PyInstaller/hooks'
2761 INFO: Processing pre-safe-import-module hook 'hook-typing_extensions.py' from '$REPO/.local/acceptance-venv/lib/python3.14/site-packages/PyInstaller/hooks/pre_safe_import_module'
2762 INFO: SetuptoolsInfo: initializing cached setuptools info...
2990 INFO: Processing standard module hook 'hook-platform.py' from '$REPO/.local/acceptance-venv/lib/python3.14/site-packages/PyInstaller/hooks'
3182 INFO: Processing standard module hook 'hook-webbrowser.py' from '$REPO/.local/acceptance-venv/lib/python3.14/site-packages/PyInstaller/hooks'
3392 INFO: Processing standard module hook 'hook-anyio.py' from '$REPO/.local/acceptance-venv/lib/python3.14/site-packages/_pyinstaller_hooks_contrib/stdhooks'
3711 INFO: Processing standard module hook 'hook-pydantic.py' from '$REPO/.local/acceptance-venv/lib/python3.14/site-packages/_pyinstaller_hooks_contrib/stdhooks'
4007 INFO: Processing standard module hook 'hook-zoneinfo.py' from '$REPO/.local/acceptance-venv/lib/python3.14/site-packages/_pyinstaller_hooks_contrib/stdhooks'
4018 INFO: Processing standard module hook 'hook-sysconfig.py' from '$REPO/.local/acceptance-venv/lib/python3.14/site-packages/PyInstaller/hooks'
4024 INFO: Processing standard module hook 'hook-_osx_support.py' from '$REPO/.local/acceptance-venv/lib/python3.14/site-packages/PyInstaller/hooks'
4685 INFO: Processing standard module hook 'hook-sqlite3.py' from '$REPO/.local/acceptance-venv/lib/python3.14/site-packages/PyInstaller/hooks'
4829 INFO: Analyzing hidden import 'film_production_core.contracts'
4830 INFO: Analyzing hidden import 'film_production_core.main'
4831 INFO: Analyzing hidden import 'uvicorn.__main__'
4831 INFO: Analyzing hidden import 'uvicorn.lifespan'
4831 INFO: Analyzing hidden import 'uvicorn.lifespan.off'
4832 INFO: Analyzing hidden import 'uvicorn.lifespan.on'
4834 INFO: Analyzing hidden import 'uvicorn.loops'
4834 INFO: Analyzing hidden import 'uvicorn.loops.asyncio'
4835 INFO: Analyzing hidden import 'uvicorn.loops.auto'
4835 INFO: Analyzing hidden import 'uvicorn.protocols.http.auto'
4836 INFO: Analyzing hidden import 'uvicorn.protocols.websockets.auto'
4836 INFO: Analyzing hidden import 'uvicorn.workers'
4838 INFO: Processing module hooks (post-graph stage)...
4895 INFO: Processing pre-safe-import-module hook 'hook-tomli.py' from '$REPO/.local/acceptance-venv/lib/python3.14/site-packages/PyInstaller/hooks/pre_safe_import_module'
4895 INFO: Setuptools: 'tomli' appears to be a setuptools-vendored copy - creating alias to 'setuptools._vendor.tomli'!
4898 INFO: Processing standard module hook 'hook-setuptools.py' from '$REPO/.local/acceptance-venv/lib/python3.14/site-packages/PyInstaller/hooks'
4904 INFO: Processing pre-safe-import-module hook 'hook-distutils.py' from '$REPO/.local/acceptance-venv/lib/python3.14/site-packages/PyInstaller/hooks/pre_safe_import_module'
4917 INFO: Processing pre-safe-import-module hook 'hook-jaraco.py' from '$REPO/.local/acceptance-venv/lib/python3.14/site-packages/PyInstaller/hooks/pre_safe_import_module'
4917 INFO: Setuptools: 'jaraco' appears to be a full setuptools-vendored copy - creating alias to 'setuptools._vendor.jaraco'!
4923 INFO: Processing pre-safe-import-module hook 'hook-more_itertools.py' from '$REPO/.local/acceptance-venv/lib/python3.14/site-packages/PyInstaller/hooks/pre_safe_import_module'
4923 INFO: Setuptools: 'more_itertools' appears to be a setuptools-vendored copy - creating alias to 'setuptools._vendor.more_itertools'!
4988 INFO: Processing pre-safe-import-module hook 'hook-packaging.py' from '$REPO/.local/acceptance-venv/lib/python3.14/site-packages/PyInstaller/hooks/pre_safe_import_module'
5124 INFO: Processing standard module hook 'hook-setuptools._vendor.jaraco.text.py' from '$REPO/.local/acceptance-venv/lib/python3.14/site-packages/PyInstaller/hooks'
5125 INFO: Processing pre-safe-import-module hook 'hook-importlib_resources.py' from '$REPO/.local/acceptance-venv/lib/python3.14/site-packages/PyInstaller/hooks/pre_safe_import_module'
5128 INFO: Processing pre-safe-import-module hook 'hook-backports.py' from '$REPO/.local/acceptance-venv/lib/python3.14/site-packages/PyInstaller/hooks/pre_safe_import_module'
5129 INFO: Setuptools: 'backports' appears to be a full setuptools-vendored copy - creating alias to 'setuptools._vendor.backports'!
5567 INFO: Processing pre-safe-import-module hook 'hook-wheel.py' from '$REPO/.local/acceptance-venv/lib/python3.14/site-packages/PyInstaller/hooks/pre_safe_import_module'
5567 INFO: Setuptools: 'wheel' appears to be a setuptools-vendored copy - creating alias to 'setuptools._vendor.wheel'!
5977 INFO: Performing binary vs. data reclassification (3 entries)
5982 INFO: Looking for ctypes DLLs
5998 INFO: Analyzing run-time hooks ...
6000 INFO: Including run-time hook 'pyi_rth_inspect.py' from '$REPO/.local/acceptance-venv/lib/python3.14/site-packages/PyInstaller/hooks/rthooks'
6001 INFO: Including run-time hook 'pyi_rth_pkgutil.py' from '$REPO/.local/acceptance-venv/lib/python3.14/site-packages/PyInstaller/hooks/rthooks'
6002 INFO: Including run-time hook 'pyi_rth_multiprocessing.py' from '$REPO/.local/acceptance-venv/lib/python3.14/site-packages/PyInstaller/hooks/rthooks'
6003 INFO: Including run-time hook 'pyi_rth_setuptools.py' from '$REPO/.local/acceptance-venv/lib/python3.14/site-packages/PyInstaller/hooks/rthooks'
6007 INFO: Creating base_library.zip...
6014 INFO: Looking for dynamic libraries
6108 INFO: Warnings written to $TMP
6123 INFO: Graph cross-reference written to $TMP
6170 INFO: checking PYZ
6170 INFO: Building PYZ because PYZ-00.toc is non existent
6170 INFO: Building PYZ (ZlibArchive) $TMP
6513 INFO: Building PYZ (ZlibArchive) $TMP completed successfully.
6518 INFO: EXE target arch: arm64
6518 INFO: Code signing identity: None
6520 INFO: checking PKG
6520 INFO: Building PKG because PKG-00.toc is non existent
6520 INFO: Building PKG (CArchive) FilmOSFilmCore.pkg
9586 INFO: Building PKG (CArchive) FilmOSFilmCore.pkg completed successfully.
9587 INFO: Bootloader $REPO/.local/acceptance-venv/lib/python3.14/site-packages/PyInstaller/bootloader/Darwin-64bit/run
9587 INFO: checking EXE
9587 INFO: Building EXE because EXE-00.toc is non existent
9587 INFO: Building EXE from EXE-00.toc
9587 INFO: Copying bootloader EXE to $TMP
9588 INFO: Converting EXE to target arch (arm64)
9598 INFO: Removing signature(s) from EXE
9606 INFO: Modifying Mach-O image UUID(s) in EXE
9613 INFO: Appending PKG archive to EXE
9616 INFO: Fixing EXE headers for code signing
9619 INFO: Rewriting the executable's macOS SDK version (26.2.0) to match the SDK version of the Python library (26.0.0) in order to avoid inconsistent behavior and potential UI issues in the frozen application.
9619 INFO: Re-signing the EXE
9638 INFO: Building EXE from EXE-00.toc completed successfully.
9639 INFO: Build complete! The results are available in: $TMP
  % Total    % Received % Xferd  Average Speed   Time    Time     Time  Current
                                 Dload  Upload   Total   Spent    Left  Speed

  0     0    0     0    0     0      0      0 --:--:-- --:--:-- --:--:--     0
  0     0    0     0    0     0      0      0 --:--:-- --:--:-- --:--:--     0
  0     0    0     0    0     0      0      0 --:--:-- --:--:-- --:--:--     0

  0     0    0     0    0     0      0      0 --:--:--  0:00:01 --:--:--     0
  0     0    0     0    0     0      0      0 --:--:--  0:00:02 --:--:--     0
  0     0    0     0    0     0      0      0 --:--:--  0:00:03 --:--:--     0
  0     0    0     0    0     0      0      0 --:--:--  0:00:04 --:--:--     0
  0     0    0     0    0     0      0      0 --:--:--  0:00:05 --:--:--     0
  0     0    0     0    0     0      0      0 --:--:--  0:00:06 --:--:--     0
  0     0    0     0    0     0      0      0 --:--:--  0:00:07 --:--:--     0
  0     0    0     0    0     0      0      0 --:--:--  0:00:08 --:--:--     0
  0     0    0     0    0     0      0      0 --:--:--  0:00:09 --:--:--     0
  0     0    0     0    0     0      0      0 --:--:--  0:00:10 --:--:--     0
  0     0    0     0    0     0      0      0 --:--:--  0:00:11 --:--:--     0
  0     0    0     0    0     0      0      0 --:--:--  0:00:12 --:--:--     0
  0     0    0     0    0     0      0      0 --:--:--  0:00:13 --:--:--     0
  0     0    0     0    0     0      0      0 --:--:--  0:00:14 --:--:--     0
  0     0    0     0    0     0      0      0 --:--:--  0:00:15 --:--:--     0
  0     0    0     0    0     0      0      0 --:--:--  0:00:16 --:--:--     0
  0     0    0     0    0     0      0      0 --:--:--  0:00:17 --:--:--     0
  0     0    0     0    0     0      0      0 --:--:--  0:00:18 --:--:--     0
  0     0    0     0    0     0      0      0 --:--:--  0:00:19 --:--:--     0
  0     0    0     0    0     0      0      0 --:--:--  0:00:20 --:--:--     0
  0     0    0     0    0     0      0      0 --:--:--  0:00:21 --:--:--     0
  0     0    0     0    0     0      0      0 --:--:--  0:00:22 --:--:--     0
  0     0    0     0    0     0      0      0 --:--:--  0:00:23 --:--:--     0
  0     0    0     0    0     0      0      0 --:--:--  0:00:24 --:--:--     0
  0 25.5M    0 43676    0     0   1718      0  4:19:27  0:00:25  4:19:02  9390
  0 25.5M    0 92720    0     0   3519      0  2:06:39  0:00:26  2:06:13 20240
  0 25.5M    0  123k    0     0   4566      0  1:37:37  0:00:27  1:37:10 25257
  0 25.5M    0  134k    0     0   4792      0  1:33:01  0:00:28  1:32:33 26041
  0 25.5M    0  145k    0     0   5010      0  1:28:58  0:00:29  1:28:29 28394
  0 25.5M    0  153k    0     0   5129      0  1:26:54  0:00:30  1:26:24 21887
  0 25.5M    0  167k    0     0   5447      0  1:21:49  0:00:31  1:21:18 15194
  0 25.5M    0  177k    0     0   5512      0  1:20:51  0:00:32  1:20:19 10623
  0 25.5M    0  179k    0     0   5508      0  1:20:55  0:00:33  1:20:22  9890
  0 25.5M    0  195k    0     0   5838      0  1:16:21  0:00:34  1:15:47 11082
  0 25.5M    0  203k    0     0   5751      0  1:17:30  0:00:36  1:16:54  9075
  0 25.5M    0  205k    0     0   5768      0  1:17:16  0:00:36  1:16:40  7836
  0 25.5M    0  213k    0     0   5838      0  1:16:21  0:00:37  1:15:44  8245
  0 25.5M    0  213k    0     0   5685      0  1:18:24  0:00:38  1:17:46  6890
  0 25.5M    0  227k    0     0   5874      0  1:15:52  0:00:39  1:15:13  6105
  0 25.5M    0  235k    0     0   5962      0  1:14:45  0:00:40  1:14:05  7783
  0 25.5M    0  253k    0     0   6236      0  1:11:28  0:00:41  1:10:47  9547
  1 25.5M    1  263k    0     0   6381      0  1:09:51  0:00:42  1:09:09 10480
  1 25.5M    1  273k    0     0   6400      0  1:09:38  0:00:43  1:08:55 11566
  1 25.5M    1  277k    0     0   6402      0  1:09:37  0:00:44  1:08:53 10939
  1 25.5M    1  282k    0     0   6304      0  1:10:42  0:00:45  1:09:57  8872
  1 25.5M    1  287k    0     0   6268      0  1:11:06  0:00:47  1:10:19  6514
  1 25.5M    1  289k    0     0   6184      0  1:12:04  0:00:47  1:11:17  4679
  1 25.5M    1  297k    0     0   6250      0  1:11:19  0:00:48  1:10:31  4932
  1 25.5M    1  299k    0     0   6215      0  1:11:43  0:00:49  1:10:54  4573
  1 25.5M    1  305k    0     0   6200      0  1:11:53  0:00:50  1:11:03  5146
  1 25.5M    1  311k    0     0   6196      0  1:11:56  0:00:51  1:11:05  5454
  1 25.5M    1  322k    0     0   6297      0  1:10:47  0:00:52  1:09:55  7480
  1 25.5M    1  331k    0     0   6370      0  1:09:58  0:00:53  1:09:05  7616
  1 25.5M    1  337k    0     0   6245      0  1:11:22  0:00:55  1:10:27  6495
  1 25.5M    1  338k    0     0   6240      0  1:11:25  0:00:55  1:10:30  6635
  1 25.5M    1  345k    0     0   6269      0  1:11:06  0:00:56  1:10:10  7042
  1 25.5M    1  354k    0     0   6299      0  1:10:45  0:00:57  1:09:48  6316
  1 25.5M    1  363k    0     0   6337      0  1:10:20  0:00:58  1:09:22  6009
  1 25.5M    1  374k    0     0   6413      0  1:09:30  0:00:59  1:08:31  8476
  1 25.5M    1  382k    0     0   6480      0  1:08:47  0:01:00  1:07:47  9200
  1 25.5M    1  394k    0     0   6573      0  1:07:48  0:01:01  1:06:47  9947
  1 25.5M    1  403k    0     0   6601      0  1:07:31  0:01:02  1:06:29 10078
  1 25.5M    1  406k    0     0   6555      0  1:07:59  0:01:03  1:06:56  9283
  1 25.5M    1  413k    0     0   6546      0  1:08:05  0:01:04  1:07:01  8197
  1 25.5M    1  415k    0     0   6502      0  1:08:33  0:01:05  1:07:28  6766
  1 25.5M    1  421k    0     0   6475      0  1:08:50  0:01:06  1:07:44  5301
  1 25.5M    1  426k    0     0   6420      0  1:09:25  0:01:08  1:08:17  4306
  1 25.5M    1  426k    0     0   6326      0  1:10:27  0:01:09  1:09:18  3697
  1 25.5M    1  431k    0     0   6367      0  1:10:00  0:01:09  1:08:51  3962
  1 25.5M    1  443k    0     0   6460      0  1:08:59  0:01:10  1:07:49  5891
  1 25.5M    1  454k    0     0   6496      0  1:08:37  0:01:11  1:07:26  6773
  1 25.5M    1  462k    0     0   6546      0  1:08:05  0:01:12  1:06:53  8521
  1 25.5M    1  470k    0     0   6555      0  1:07:59  0:01:13  1:06:46 10066
  1 25.5M    1  481k    0     0   6603      0  1:07:30  0:01:14  1:06:16  9763
  1 25.5M    1  487k    0     0   6604      0  1:07:29  0:01:15  1:06:14  8541
  1 25.5M    1  494k    0     0   6627      0  1:07:15  0:01:16  1:05:59  8609
  1 25.5M    1  505k    0     0   6677      0  1:06:45  0:01:17  1:05:28  8523
  1 25.5M    1  515k    0     0   6722      0  1:06:18  0:01:18  1:05:00  9154
  2 25.5M    2  526k    0     0   6735      0  1:06:10  0:01:20  1:04:50  8544
  2 25.5M    2  533k    0     0   6791      0  1:05:38  0:01:20  1:04:18  9759
  2 25.5M    2  546k    0     0   6879      0  1:04:47  0:01:21  1:03:26 10765
  2 25.5M    2  561k    0     0   6969      0  1:03:57  0:01:22  1:02:35 11503
  2 25.5M    2  569k    0     0   6965      0  1:03:59  0:01:23  1:02:36 10709
  2 25.5M    2  574k    0     0   6961      0  1:04:02  0:01:24  1:02:38 11008
  2 25.5M    2  585k    0     0   7011      0  1:03:34  0:01:25  1:02:09 10501
  2 25.5M    2  593k    0     0   7024      0  1:03:27  0:01:26  1:02:01  9314
  2 25.5M    2  602k    0     0   7062      0  1:03:07  0:01:27  1:01:40  8634
  2 25.5M    2  610k    0     0   7068      0  1:03:03  0:01:28  1:01:35  8866
  2 25.5M    2  621k    0     0   7086      0  1:02:54  0:01:29  1:01:25  9124
  2 25.5M    2  623k    0     0   7068      0  1:03:03  0:01:30  1:01:33  8061
  2 25.5M    2  630k    0     0   7070      0  1:03:02  0:01:31  1:01:31  7900
  2 25.5M    2  645k    0     0   7144      0  1:02:23  0:01:32  1:00:51  8546
  2 25.5M    2  659k    0     0   7236      0  1:01:35  0:01:33  1:00:02 10253
  2 25.5M    2  671k    0     0   7291      0  1:01:08  0:01:34  0:59:34 11284
  2 25.5M    2  681k    0     0   7312      0  1:00:57  0:01:35  0:59:22 11697
  2 25.5M    2  689k    0     0   7320      0  1:00:53  0:01:36  0:59:17 11792
  2 25.5M    2  695k    0     0   7302      0  1:01:02  0:01:37  0:59:25 10170
  2 25.5M    2  702k    0     0   7314      0  1:00:56  0:01:38  0:59:18  8783
  2 25.5M    2  714k    0     0   7320      0  1:00:53  0:01:39  0:59:14  7804
  2 25.5M    2  719k    0     0   7337      0  1:00:45  0:01:40  0:59:05  7821
  2 25.5M    2  738k    0     0   7453      0  0:59:48  0:01:41  0:58:07 10005
  2 25.5M    2  750k    0     0   7509      0  0:59:21  0:01:42  0:57:39 11747
  2 25.5M    2  762k    0     0   7548      0  0:59:03  0:01:43  0:57:20 12067
  2 25.5M    2  767k    0     0   7492      0  0:59:29  0:01:44  0:57:45 10927
  2 25.5M    2  770k    0     0   7442      0  0:59:53  0:01:46  0:58:07  9331
  2 25.5M    2  771k    0     0   7421      0  1:00:03  0:01:46  0:58:17  6775
  2 25.5M    2  778k    0     0   7408      0  1:00:10  0:01:47  0:58:23  5450
  2 25.5M    2  779k    0     0   7334      0  1:00:46  0:01:48  0:58:58  3261
  3 25.5M    3  789k    0     0   7361      0  1:00:33  0:01:49  0:58:44  4517
  3 25.5M    3  797k    0     0   7370      0  1:00:28  0:01:50  0:58:38  5763
  3 25.5M    3  797k    0     0   7304      0  1:01:01  0:01:51  0:59:10  4931
  3 25.5M    3  799k    0     0   7255      0  1:01:26  0:01:52  0:59:34  4132
  3 25.5M    3  803k    0     0   7259      0  1:01:24  0:01:53  0:59:31  5441
  3 25.5M    3  814k    0     0   7291      0  1:01:08  0:01:54  0:59:14  5615
  3 25.5M    3  830k    0     0   7362      0  1:00:32  0:01:55  0:58:37  7171
  3 25.5M    3  834k    0     0   7316      0  1:00:55  0:01:56  0:58:59  7585
  3 25.5M    3  839k    0     0   7276      0  1:01:15  0:01:58  0:59:17  7727
  3 25.5M    3  839k    0     0   7214      0  1:01:47  0:01:59  0:59:48  6343
  3 25.5M    3  841k    0     0   7187      0  1:02:01  0:01:59  1:00:02  5017
  3 25.5M    3  845k    0     0   7184      0  1:02:02  0:02:00  1:00:02  3028
  3 25.5M    3  845k    0     0   7125      0  1:02:33  0:02:01  1:00:32  2337
  3 25.5M    3  846k    0     0   7056      0  1:03:10  0:02:02  1:01:08  1463
  3 25.5M    3  854k    0     0   7064      0  1:03:05  0:02:03  1:01:02  3214
  3 25.5M    3  854k    0     0   7007      0  1:03:36  0:02:04  1:01:32  2709
  3 25.5M    3  858k    0     0   7004      0  1:03:38  0:02:05  1:01:33  2701
  3 25.5M    3  867k    0     0   7029      0  1:03:24  0:02:06  1:01:18  4668
  3 25.5M    3  871k    0     0   7003      0  1:03:38  0:02:07  1:01:31  5597
  3 25.5M    3  882k    0     0   7037      0  1:03:20  0:02:08  1:01:12  6315
  3 25.5M    3  886k    0     0   6972      0  1:03:55  0:02:10  1:01:45  6154
  3 25.5M    3  889k    0     0   6950      0  1:04:08  0:02:11  1:01:57  5707
  3 25.5M    3  891k    0     0   6954      0  1:04:05  0:02:11  1:01:54  5029
  3 25.5M    3  901k    0     0   6967      0  1:03:58  0:02:12  1:01:46  6055
  3 25.5M    3  910k    0     0   6990      0  1:03:46  0:02:13  1:01:33  5763
  3 25.5M    3  925k    0     0   7050      0  1:03:13  0:02:14  1:00:59  9519
  3 25.5M    3  942k    0     0   7120      0  1:02:36  0:02:15  1:00:21 12084
  3 25.5M    3  953k    0     0   7143      0  1:02:24  0:02:16  1:00:08 11823
  3 25.5M    3  959k    0     0   7145      0  1:02:23  0:02:17  1:00:06 11746
  3 25.5M    3  970k    0     0   7183      0  1:02:03  0:02:18  0:59:45 12371
  3 25.5M    3  973k    0     0   7146      0  1:02:22  0:02:19  1:00:03  9667
  3 25.5M    3  986k    0     0   7154      0  1:02:18  0:02:21  0:59:57  7954
  3 25.5M    3  986k    0     0   7103      0  1:02:45  0:02:22  1:00:23  6129
  3 25.5M    3  986k    0     0   7053      0  1:03:11  0:02:23  1:00:48  4821
  3 25.5M    3  987k    0     0   7037      0  1:03:20  0:02:23  1:00:57  3289
  3 25.5M    3  987k    0     0   6988      0  1:03:47  0:02:24  1:01:23  2830
  3 25.5M    3  987k    0     0   6940      0  1:04:13  0:02:25  1:01:48   298
  3 25.5M    3  987k    0     0   6892      0  1:04:40  0:02:26  1:02:14   297
  3 25.5M    3  993k    0     0   6888      0  1:04:42  0:02:27  1:02:15  1535
  3 25.5M    3  995k    0     0   6873      0  1:04:51  0:02:28  1:02:23  1765
  3 25.5M    3 1003k    0     0   6882      0  1:04:46  0:02:29  1:02:17  3553
  3 25.5M    3 1027k    0     0   7000      0  1:03:40  0:02:30  1:01:10  8890
  4 25.5M    4 1082k    0     0   7324      0  1:00:51  0:02:31  0:58:20 21074
  4 25.5M    4 1142k    0     0   7680      0  0:58:02  0:02:32  0:55:30 32638
  4 25.5M    4 1213k    0     0   8101      0  0:55:01  0:02:33  0:52:28 44600
  4 25.5M    4 1274k    0     0   8455      0  0:52:43  0:02:34  0:50:09 55264
  5 25.5M    5 1383k    0     0   9091      0  0:49:01  0:02:35  0:46:26 66238
  5 25.5M    5 1403k    0     0   9192      0  0:48:29  0:02:36  0:45:53 65424
  5 25.5M    5 1407k    0     0   9145      0  0:48:44  0:02:37  0:46:07 51240
  5 25.5M    5 1407k    0     0   9088      0  0:49:02  0:02:38  0:46:24 37725
  5 25.5M    5 1407k    0     0   9030      0  0:49:21  0:02:39  0:46:42 25827
  5 25.5M    5 1407k    0     0   8974      0  0:49:40  0:02:40  0:47:00  5154
  5 25.5M    5 1407k    0     0   8918      0  0:49:58  0:02:41  0:47:17   779
  5 25.5M    5 1458k    0     0   9197      0  0:48:27  0:02:42  0:45:45 10899
  5 25.5M    5 1463k    0     0   9170      0  0:48:36  0:02:43  0:45:53 11880
  5 25.5M    5 1478k    0     0   9210      0  0:48:23  0:02:44  0:45:39 15256
  5 25.5M    5 1498k    0     0   9272      0  0:48:04  0:02:45  0:45:19 19136
  5 25.5M    5 1510k    0     0   9296      0  0:47:56  0:02:46  0:45:10 22256
  5 25.5M    5 1561k    0     0   9550      0  0:46:40  0:02:47  0:43:53 20981
  5 25.5M    5 1562k    0     0   9505      0  0:46:53  0:02:48  0:44:05 20733
  6 25.5M    6 1581k    0     0   9551      0  0:46:40  0:02:49  0:43:51 20454
  6 25.5M    6 1595k    0     0   9592      0  0:46:28  0:02:50  0:43:38 20437
  6 25.5M    6 1615k    0     0   9654      0  0:46:10  0:02:51  0:43:19 21537
  6 25.5M    6 1634k    0     0   9710      0  0:45:54  0:02:52  0:43:02 15104
  6 25.5M    6 1658k    0     0   9796      0  0:45:30  0:02:53  0:42:37 19545
  6 25.5M    6 1683k    0     0   9889      0  0:45:04  0:02:54  0:42:10 21731
  6 25.5M    6 1698k    0     0   9882      0  0:45:06  0:02:56  0:42:10 18648
  6 25.5M    6 1727k    0     0  10033      0  0:44:25  0:02:56  0:41:29 23141
  6 25.5M    6 1776k    0     0  10249      0  0:43:29  0:02:57  0:40:32 28657
  6 25.5M    6 1807k    0     0  10381      0  0:42:56  0:02:58  0:39:58 30767
  7 25.5M    7 1838k    0     0  10496      0  0:42:28  0:02:59  0:39:29 31647
  7 25.5M    7 1854k    0     0  10530      0  0:42:19  0:03:00  0:39:19 36779
  7 25.5M    7 1902k    0     0  10699      0  0:41:39  0:03:02  0:38:37 31098
  7 25.5M    7 2014k    0     0  11279      0  0:39:31  0:03:02  0:36:29 44642
  7 25.5M    7 2062k    0     0  11520      0  0:38:41  0:03:03  0:35:38 52110
  8 25.5M    8 2158k    0     0  11987      0  0:37:11  0:03:04  0:34:07 65119
  8 25.5M    8 2270k    0     0  12544      0  0:35:32  0:03:05  0:32:27 85074
  8 25.5M    8 2334k    0     0  12823      0  0:34:45  0:03:06  0:31:39   99k
  9 25.5M    9 2398k    0     0  13111      0  0:33:59  0:03:07  0:30:52 88782
  9 25.5M    9 2478k    0     0  13470      0  0:33:05  0:03:08  0:29:57 83759
  9 25.5M    9 2558k    0     0  13839      0  0:32:12  0:03:09  0:29:03 83233
 10 25.5M   10 2638k    0     0  14196      0  0:31:23  0:03:10  0:28:13 75823
 10 25.5M   10 2734k    0     0  14627      0  0:30:28  0:03:11  0:27:17 81827
 10 25.5M   10 2830k    0     0  15069      0  0:29:34  0:03:12  0:26:22 88122
 11 25.5M   11 2894k    0     0  15330      0  0:29:04  0:03:13  0:25:51 86508
 11 25.5M   11 2990k    0     0  15758      0  0:28:17  0:03:14  0:25:03 88334
 11 25.5M   11 3054k    0     0  16013      0  0:27:50  0:03:15  0:24:35 85047
 12 25.5M   12 3150k    0     0  16430      0  0:27:07  0:03:16  0:23:51 86613
 12 25.5M   12 3246k    0     0  16847      0  0:26:27  0:03:17  0:23:10 85491
 12 25.5M   12 3326k    0     0  17176      0  0:25:57  0:03:18  0:22:39 88920
 13 25.5M   13 3406k    0     0  17500      0  0:25:28  0:03:19  0:22:09 85227
 13 25.5M   13 3502k    0     0  17904      0  0:24:53  0:03:20  0:21:33 92026
 13 25.5M   13 3598k    0     0  18302      0  0:24:21  0:03:21  0:21:00 92155
 14 25.5M   14 3694k    0     0  18699      0  0:23:50  0:03:22  0:20:28 91897
 14 25.5M   14 3694k    0     0  18602      0  0:23:57  0:03:23  0:20:34 74577
 14 25.5M   14 3694k    0     0  18511      0  0:24:04  0:03:24  0:20:40 58401
 14 25.5M   14 3694k    0     0  18420      0  0:24:11  0:03:25  0:20:46 38863
 14 25.5M   14 3694k    0     0  18330      0  0:24:19  0:03:26  0:20:53 19454
 14 25.5M   14 3694k    0     0  18241      0  0:24:26  0:03:27  0:20:59     0
 14 25.5M   14 3694k    0     0  18153      0  0:24:33  0:03:28  0:21:05     0
 14 25.5M   14 3694k    0     0  18066      0  0:24:40  0:03:29  0:21:11     0
 17 25.5M   17 4478k    0     0  21802      0  0:20:26  0:03:30  0:16:56  157k
 17 25.5M   17 4558k    0     0  22088      0  0:20:10  0:03:31  0:16:39  174k
 17 25.5M   17 4622k    0     0  22291      0  0:19:59  0:03:32  0:16:27  187k
 17 25.5M   17 4670k    0     0  22416      0  0:19:53  0:03:33  0:16:20  197k
 18 25.5M   18 4766k    0     0  22771      0  0:19:34  0:03:34  0:16:00  217k
 18 25.5M   18 4862k    0     0  23119      0  0:19:16  0:03:35  0:15:41 78251
 18 25.5M   18 4926k    0     0  23244      0  0:19:10  0:03:37  0:15:33 66124
 18 25.5M   18 4926k    0     0  23137      0  0:19:15  0:03:38  0:15:37 54672
 18 25.5M   18 4926k    0     0  23030      0  0:19:21  0:03:39  0:15:42 46006
 18 25.5M   18 4926k    0     0  22924      0  0:19:26  0:03:40  0:15:46 28661
 18 25.5M   18 4926k    0     0  22820      0  0:19:31  0:03:41  0:15:50 11517
 18 25.5M   18 4926k    0     0  22717      0  0:19:37  0:03:42  0:15:55     0
 18 25.5M   18 4926k    0     0  22615      0  0:19:42  0:03:43  0:15:59     0
 21 25.5M   21 5502k    0     0  25229      0  0:17:40  0:03:43  0:13:57  134k
 21 25.5M   21 5598k    0     0  25556      0  0:17:26  0:03:44  0:13:42  157k
 21 25.5M   21 5694k    0     0  25873      0  0:17:13  0:03:45  0:13:28  178k
 22 25.5M   22 5790k    0     0  26196      0  0:17:00  0:03:46  0:13:14  201k
 22 25.5M   22 5854k    0     0  26285      0  0:16:57  0:03:48  0:13:09  185k
 22 25.5M   22 5854k    0     0  26170      0  0:17:01  0:03:49  0:13:12 62748
 22 25.5M   22 5854k    0     0  26055      0  0:17:06  0:03:50  0:13:16 45487
 22 25.5M   22 5854k    0     0  25941      0  0:17:10  0:03:51  0:13:19 28620
 22 25.5M   22 5854k    0     0  25828      0  0:17:15  0:03:52  0:13:23 11377
 22 25.5M   22 5854k    0     0  25716      0  0:17:19  0:03:53  0:13:26     0
 22 25.5M   22 5854k    0     0  25606      0  0:17:24  0:03:54  0:13:30     0
 24 25.5M   24 6350k    0     0  27746      0  0:16:03  0:03:54  0:12:09  115k
 24 25.5M   24 6430k    0     0  27981      0  0:15:55  0:03:55  0:12:00  136k
 24 25.5M   24 6510k    0     0  28207      0  0:15:48  0:03:56  0:11:52  154k
 25 25.5M   25 6670k    0     0  28780      0  0:15:29  0:03:57  0:11:32  193k
 25 25.5M   25 6750k    0     0  29002      0  0:15:22  0:03:58  0:11:24  211k
 26 25.5M   26 6878k    0     0  29429      0  0:15:08  0:03:59  0:11:09  106k
 26 25.5M   26 6942k    0     0  29571      0  0:15:04  0:04:00  0:11:04  100k
 26 25.5M   26 6958k    0     0  29454      0  0:15:07  0:04:01  0:11:06 82361
 26 25.5M   26 6958k    0     0  29331      0  0:15:11  0:04:02  0:11:09 52694
 26 25.5M   26 6958k    0     0  29210      0  0:15:15  0:04:03  0:11:12 38093
 26 25.5M   26 6958k    0     0  29089      0  0:15:19  0:04:04  0:11:15 14617
 26 25.5M   26 6958k    0     0  28970      0  0:15:23  0:04:05  0:11:18  2952
 27 25.5M   27 7070k    0     0  29347      0  0:15:11  0:04:06  0:11:05 23937
 28 25.5M   28 7406k    0     0  30665      0  0:14:32  0:04:07  0:10:25  101k
 28 25.5M   28 7470k    0     0  30798      0  0:14:28  0:04:08  0:10:20  115k
 28 25.5M   28 7550k    0     0  31006      0  0:14:22  0:04:09  0:10:13  134k
 29 25.5M   29 7630k    0     0  31210      0  0:14:16  0:04:10  0:10:06  153k
 29 25.5M   29 7694k    0     0  31348      0  0:14:13  0:04:11  0:10:02  134k
 29 25.5M   29 7774k    0     0  31546      0  0:14:07  0:04:12  0:09:55 74837
 30 25.5M   30 7854k    0     0  31745      0  0:14:02  0:04:13  0:09:49 79006
 30 25.5M   30 7950k    0     0  32011      0  0:13:55  0:04:14  0:09:41 82479
 30 25.5M   30 8062k    0     0  32335      0  0:13:47  0:04:15  0:09:32 88902
 31 25.5M   31 8158k    0     0  32592      0  0:13:40  0:04:16  0:09:24 95292
 31 25.5M   31 8302k    0     0  33037      0  0:13:29  0:04:17  0:09:12  106k
 32 25.5M   32 8446k    0     0  33432      0  0:13:19  0:04:18  0:09:01  110k
 33 25.5M   33 8862k    0     0  34995      0  0:12:44  0:04:19  0:08:25  182k
 34 25.5M   34 8894k    0     0  34963      0  0:12:44  0:04:20  0:08:24  160k
 36 25.5M   36 9582k    0     0  37547      0  0:11:52  0:04:21  0:07:31  284k
 38 25.5M   38 9998k    0     0  38915      0  0:11:27  0:04:23  0:07:04  294k
 39 25.5M   39 10.1M    0     0  40315      0  0:11:03  0:04:23  0:06:40  415k
 41 25.5M   41 10.7M    0     0  42444      0  0:10:30  0:04:24  0:06:06  412k
 44 25.5M   44 11.3M    0     0  45013      0  0:09:54  0:04:25  0:05:29  573k
 46 25.5M   46 11.8M    0     0  46629      0  0:09:33  0:04:26  0:05:07  510k
 47 25.5M   47 12.2M    0     0  47856      0  0:09:18  0:04:27  0:04:51  583k
 49 25.5M   49 12.6M    0     0  49259      0  0:09:02  0:04:28  0:04:34  507k
 51 25.5M   51 13.0M    0     0  50843      0  0:08:46  0:04:29  0:04:17  490k
 51 25.5M   51 13.2M    0     0  51249      0  0:08:41  0:04:30  0:04:11  369k
 52 25.5M   52 13.2M    0     0  51313      0  0:08:41  0:04:31  0:04:10  293k
 52 25.5M   52 13.3M    0     0  51361      0  0:08:40  0:04:32  0:04:08  234k
 52 25.5M   52 13.4M    0     0  51413      0  0:08:40  0:04:33  0:04:07  162k
 52 25.5M   52 13.4M    0     0  51239      0  0:08:41  0:04:34  0:04:07 71452
 53 25.5M   53 13.6M    0     0  51869      0  0:08:35  0:04:35  0:04:00 85491
 53 25.5M   53 13.7M    0     0  52097      0  0:08:33  0:04:36  0:03:57 94390
 54 25.5M   54 13.8M    0     0  52385      0  0:08:30  0:04:37  0:03:53  105k
 55 25.5M   55 14.0M    0     0  52826      0  0:08:26  0:04:38  0:03:48  121k
 55 25.5M   55 14.1M    0     0  53128      0  0:08:23  0:04:39  0:03:44  159k
 55 25.5M   55 14.1M    0     0  53039      0  0:08:24  0:04:40  0:03:44  110k
 56 25.5M   56 14.3M    0     0  53506      0  0:08:19  0:04:41  0:03:38  128k
 56 25.5M   56 14.4M    0     0  53664      0  0:08:18  0:04:42  0:03:36  121k
 57 25.5M   57 14.5M    0     0  53819      0  0:08:16  0:04:43  0:03:33  111k
 57 25.5M   57 14.6M    0     0  54210      0  0:08:13  0:04:44  0:03:29  111k
 57 25.5M   57 14.7M    0     0  54116      0  0:08:14  0:04:45  0:03:29  111k
 57 25.5M   57 14.7M    0     0  53925      0  0:08:15  0:04:46  0:03:29 75766
 57 25.5M   57 14.7M    0     0  53737      0  0:08:17  0:04:47  0:03:30 57553
 57 25.5M   57 14.7M    0     0  53549      0  0:08:19  0:04:48  0:03:31 39419
 57 25.5M   57 14.7M    0     0  53363      0  0:08:21  0:04:49  0:03:32  9046
 58 25.5M   58 14.8M    0     0  53604      0  0:08:18  0:04:50  0:03:28 23549
 58 25.5M   58 14.8M    0     0  53515      0  0:08:19  0:04:51  0:03:28 28181
 58 25.5M   58 14.8M    0     0  53387      0  0:08:20  0:04:52  0:03:28 31722
 58 25.5M   58 14.9M    0     0  53270      0  0:08:22  0:04:53  0:03:29 35698
 58 25.5M   58 14.9M    0     0  53133      0  0:08:23  0:04:54  0:03:29 38801
 58 25.5M   58 14.9M    0     0  52976      0  0:08:24  0:04:55  0:03:29 16418
 58 25.5M   58 14.9M    0     0  52843      0  0:08:26  0:04:56  0:03:30 13258
 58 25.5M   58 14.9M    0     0  52720      0  0:08:27  0:04:57  0:03:30 13250
 58 25.5M   58 14.9M    0     0  52544      0  0:08:28  0:04:58  0:03:30  9853
 58 25.5M   58 14.9M    0     0  52414      0  0:08:30  0:04:59  0:03:31  9876
 58 25.5M   58 14.9M    0     0  52261      0  0:08:31  0:05:00  0:03:31  9859
 58 25.5M   58 14.9M    0     0  52127      0  0:08:33  0:05:01  0:03:32  9808
 58 25.5M   58 14.9M    0     0  51991      0  0:08:34  0:05:02  0:03:32  9611
 58 25.5M   58 15.0M    0     0  51872      0  0:08:35  0:05:03  0:03:32 12772
 58 25.5M   58 15.0M    0     0  51764      0  0:08:36  0:05:04  0:03:32 13031
 58 25.5M   58 15.0M    0     0  51641      0  0:08:37  0:05:05  0:03:32 13426
 59 25.5M   59 15.0M    0     0  51541      0  0:08:38  0:05:06  0:03:32 16333
 59 25.5M   59 15.1M    0     0  51537      0  0:08:38  0:05:07  0:03:31 23455
 59 25.5M   59 15.1M    0     0  51581      0  0:08:38  0:05:08  0:03:30 33522
 59 25.5M   59 15.2M    0     0  51676      0  0:08:37  0:05:09  0:03:28 46295
 59 25.5M   59 15.2M    0     0  51533      0  0:08:38  0:05:10  0:03:28 45051
 60 25.5M   60 15.4M    0     0  51926      0  0:08:35  0:05:11  0:03:24 75534
 60 25.5M   60 15.4M    0     0  51971      0  0:08:34  0:05:12  0:03:22 78706
 61 25.5M   61 15.5M    0     0  52113      0  0:08:33  0:05:13  0:03:20 84803
 61 25.5M   61 15.6M    0     0  52268      0  0:08:31  0:05:14  0:03:17 89170
 61 25.5M   61 15.7M    0     0  52163      0  0:08:32  0:05:15  0:03:17 88742
 61 25.5M   61 15.7M    0     0  51998      0  0:08:34  0:05:16  0:03:18 56044
 61 25.5M   61 15.7M    0     0  51907      0  0:08:35  0:05:17  0:03:18 48004
 62 25.5M   62 15.9M    0     0  52519      0  0:08:29  0:05:18  0:03:11 76202
 62 25.5M   62 15.9M    0     0  52425      0  0:08:30  0:05:19  0:03:11 62278
 62 25.5M   62 15.9M    0     0  52248      0  0:08:31  0:05:20  0:03:11 58228
 62 25.5M   62 15.9M    0     0  52109      0  0:08:33  0:05:21  0:03:12 59622
 62 25.5M   62 15.9M    0     0  52035      0  0:08:33  0:05:22  0:03:11 60312
 62 25.5M   62 15.9M    0     0  51858      0  0:08:35  0:05:23  0:03:12  6978
 62 25.5M   62 15.9M    0     0  51599      0  0:08:38  0:05:25  0:03:13  5708
 62 25.5M   62 15.9M    0     0  51544      0  0:08:38  0:05:25  0:03:13  6538
 62 25.5M   62 15.9M    0     0  51337      0  0:08:40  0:05:26  0:03:14  3179
 62 25.5M   62 15.9M    0     0  51180      0  0:08:42  0:05:27  0:03:15     0
 62 25.5M   62 15.9M    0     0  51024      0  0:08:44  0:05:28  0:03:16     0
 62 25.5M   62 15.9M    0     0  50867      0  0:08:45  0:05:29  0:03:16     0
 62 25.5M   62 15.9M    0     0  50712      0  0:08:47  0:05:30  0:03:17     0
 62 25.5M   62 15.9M    0     0  50558      0  0:08:48  0:05:31  0:03:17     0
 62 25.5M   62 15.9M    0     0  50405      0  0:08:50  0:05:32  0:03:18     0
 62 25.5M   62 15.9M    0     0  50253      0  0:08:52  0:05:33  0:03:19     0
 62 25.5M   62 15.9M    0     0  50101      0  0:08:53  0:05:34  0:03:19     0
 62 25.5M   62 15.9M    0     0  49950      0  0:08:55  0:05:35  0:03:20     0
 62 25.5M   62 15.9M    0     0  49801      0  0:08:57  0:05:36  0:03:21     0
 62 25.5M   62 15.9M    0     0  49652      0  0:08:58  0:05:37  0:03:21     0
 62 25.5M   62 15.9M    0     0  49505      0  0:09:00  0:05:38  0:03:22     0
 62 25.5M   62 15.9M    0     0  49358      0  0:09:01  0:05:39  0:03:22     0
 62 25.5M   62 15.9M    0     0  49212      0  0:09:03  0:05:40  0:03:23     0
 62 25.5M   62 15.9M    0     0  49066      0  0:09:05  0:05:41  0:03:24     0
 62 25.5M   62 15.9M    0     0  48923      0  0:09:06  0:05:42  0:03:24     0
 62 25.5M   62 15.9M    0     0  48780      0  0:09:08  0:05:43  0:03:25     0
 62 25.5M   62 15.9M    0     0  48637      0  0:09:09  0:05:44  0:03:25     0
 62 25.5M   62 15.9M    0     0  48495      0  0:09:11  0:05:45  0:03:26     0
 62 25.5M   62 15.9M    0     0  48354      0  0:09:13  0:05:46  0:03:27     0
 62 25.5M   62 15.9M    0     0  48214      0  0:09:14  0:05:47  0:03:27     0
 62 25.5M   62 15.9M    0     0  48075      0  0:09:16  0:05:48  0:03:28     0
 62 25.5M   62 15.9M    0     0  47937      0  0:09:17  0:05:49  0:03:28     0
 62 25.5M   62 15.9M    0     0  47799      0  0:09:19  0:05:50  0:03:29     0
 62 25.5M   62 15.9M    0     0  47662      0  0:09:21  0:05:51  0:03:30     0
 63 25.5M   63 16.1M    0     0  48071      0  0:09:16  0:05:52  0:03:24 36863
 63 25.5M   63 16.1M    0     0  47924      0  0:09:18  0:05:53  0:03:25 36275
 63 25.5M   63 16.1M    0     0  47833      0  0:09:19  0:05:54  0:03:25 39830
 63 25.5M   63 16.1M    0     0  47713      0  0:09:20  0:05:55  0:03:25 41347
 63 25.5M   63 16.1M    0     0  47623      0  0:09:21  0:05:56  0:03:25 44511
 63 25.5M   63 16.1M    0     0  47473      0  0:09:23  0:05:57  0:03:26  6387
 63 25.5M   63 16.1M    0     0  47389      0  0:09:24  0:05:58  0:03:26  9783
 63 25.5M   63 16.1M    0     0  47270      0  0:09:25  0:05:59  0:03:26  6655
 63 25.5M   63 16.2M    0     0  47167      0  0:09:27  0:06:00  0:03:27  6808
 63 25.5M   63 16.2M    0     0  47039      0  0:09:28  0:06:01  0:03:27  6398
 63 25.5M   63 16.2M    0     0  47022      0  0:09:28  0:06:02  0:03:26 14183
 63 25.5M   63 16.2M    0     0  46886      0  0:09:30  0:06:04  0:03:26 15127
 64 25.5M   64 16.3M    0     0  46966      0  0:09:29  0:06:04  0:03:25 25630
 64 25.5M   64 16.3M    0     0  46865      0  0:09:30  0:06:05  0:03:25 25610
 64 25.5M   64 16.3M    0     0  46736      0  0:09:32  0:06:06  0:03:26 25490
 64 25.5M   64 16.3M    0     0  46608      0  0:09:33  0:06:07  0:03:26 17990
 64 25.5M   64 16.3M    0     0  46482      0  0:09:35  0:06:08  0:03:27 13697
 64 25.5M   64 16.3M    0     0  46355      0  0:09:36  0:06:09  0:03:27  3174
 64 25.5M   64 16.3M    0     0  46229      0  0:09:38  0:06:10  0:03:28     0
 64 25.5M   64 16.3M    0     0  46103      0  0:09:40  0:06:11  0:03:29     0
 64 25.5M   64 16.3M    0     0  46043      0  0:09:40  0:06:13  0:03:27  8805
 64 25.5M   64 16.3M    0     0  46012      0  0:09:41  0:06:13  0:03:28 10180
 64 25.5M   64 16.4M    0     0  45944      0  0:09:42  0:06:14  0:03:28 13846
 64 25.5M   64 16.4M    0     0  45820      0  0:09:43  0:06:15  0:03:28 13849
 64 25.5M   64 16.4M    0     0  45698      0  0:09:45  0:06:16  0:03:29 13843
 64 25.5M   64 16.4M    0     0  45576      0  0:09:46  0:06:17  0:03:29  3914
 64 25.5M   64 16.4M    0     0  45454      0  0:09:48  0:06:18  0:03:30  3309
 64 25.5M   64 16.4M    0     0  45333      0  0:09:49  0:06:19  0:03:30     0
 64 25.5M   64 16.4M    0     0  45214      0  0:09:51  0:06:20  0:03:31     0
 64 25.5M   64 16.4M    0     0  45094      0  0:09:53  0:06:21  0:03:32     0
 64 25.5M   64 16.4M    0     0  44975      0  0:09:54  0:06:22  0:03:32     0
 64 25.5M   64 16.4M    0     0  44857      0  0:09:56  0:06:23  0:03:33     0
 64 25.5M   64 16.4M    0     0  44739      0  0:09:57  0:06:24  0:03:33     0
 64 25.5M   64 16.4M    0     0  44622      0  0:09:59  0:06:25  0:03:34     0
 64 25.5M   64 16.4M    0     0  44506      0  0:10:00  0:06:26  0:03:34     0
 64 25.5M   64 16.4M    0     0  44390      0  0:10:02  0:06:27  0:03:35     0
 64 25.5M   64 16.4M    0     0  44274      0  0:10:04  0:06:28  0:03:36     0
 64 25.5M   64 16.4M    0     0  44161      0  0:10:05  0:06:29  0:03:36     0
 64 25.5M   64 16.4M    0     0  44046      0  0:10:07  0:06:30  0:03:37     0
 64 25.5M   64 16.4M    0     0  43933      0  0:10:08  0:06:31  0:03:37     0
 64 25.5M   64 16.4M    0     0  43834      0  0:10:10  0:06:32  0:03:38     0
 64 25.5M   64 16.4M    0     0  43703      0  0:10:11  0:06:33  0:03:38     0
 64 25.5M   64 16.4M    0     0  43636      0  0:10:12  0:06:34  0:03:38  3245
 64 25.5M   64 16.4M    0     0  43578      0  0:10:13  0:06:35  0:03:38  6620
 64 25.5M   64 16.4M    0     0  43494      0  0:10:14  0:06:36  0:03:38  9683
 64 25.5M   64 16.4M    0     0  43385      0  0:10:16  0:06:37  0:03:39  9463
 64 25.5M   64 16.4M    0     0  43275      0  0:10:18  0:06:38  0:03:40  9781
 64 25.5M   64 16.4M    0     0  43166      0  0:10:19  0:06:39  0:03:40  6485
 64 25.5M   64 16.4M    0     0  43058      0  0:10:21  0:06:40  0:03:41  3175
 64 25.5M   64 16.4M    0     0  43039      0  0:10:21  0:06:41  0:03:40  6614
 64 25.5M   64 16.4M    0     0  42944      0  0:10:22  0:06:42  0:03:40  6771
 64 25.5M   64 16.4M    0     0  42850      0  0:10:24  0:06:43  0:03:41  9635
 64 25.5M   64 16.4M    0     0  42763      0  0:10:25  0:06:44  0:03:41  9988
 64 25.5M   64 16.5M    0     0  42709      0  0:10:26  0:06:45  0:03:41 13650
 64 25.5M   64 16.5M    0     0  42614      0  0:10:27  0:06:46  0:03:41  9524
 64 25.5M   64 16.5M    0     0  42530      0  0:10:28  0:06:47  0:03:41  9677
 64 25.5M   64 16.5M    0     0  42477      0  0:10:29  0:06:48  0:03:41 10459
 64 25.5M   64 16.5M    0     0  42373      0  0:10:31  0:06:49  0:03:42 10080
 64 25.5M   64 16.5M    0     0  42316      0  0:10:32  0:06:50  0:03:42  9961
 64 25.5M   64 16.5M    0     0  42249      0  0:10:33  0:06:51  0:03:42 10515
 65 25.5M   65 16.5M    0     0  42190      0  0:10:33  0:06:52  0:03:41 13548
 65 25.5M   65 16.6M    0     0  42127      0  0:10:34  0:06:53  0:03:41 13242
 65 25.5M   65 16.6M    0     0  42057      0  0:10:35  0:06:54  0:03:41 16300
 65 25.5M   65 16.6M    0     0  41994      0  0:10:36  0:06:55  0:03:41 16083
 65 25.5M   65 16.6M    0     0  41939      0  0:10:37  0:06:56  0:03:41 16405
 65 25.5M   65 16.6M    0     0  41917      0  0:10:38  0:06:57  0:03:41 19554
 65 25.5M   65 16.6M    0     0  41858      0  0:10:38  0:06:58  0:03:40 19625
 65 25.5M   65 16.7M    0     0  41760      0  0:10:40  0:06:59  0:03:41 18551
 65 25.5M   65 16.7M    0     0  41687      0  0:10:41  0:07:00  0:03:41 16320
 65 25.5M   65 16.7M    0     0  41559      0  0:10:43  0:07:01  0:03:42 12158
 65 25.5M   65 16.7M    0     0  41460      0  0:10:45  0:07:02  0:03:43  6079
 65 25.5M   65 16.7M    0     0  41361      0  0:10:46  0:07:03  0:03:43  3022
 65 25.5M   65 16.7M    0     0  41264      0  0:10:48  0:07:04  0:03:44     0
 65 25.5M   65 16.7M    0     0  41166      0  0:10:49  0:07:05  0:03:44     0
 65 25.5M   65 16.7M    0     0  41069      0  0:10:51  0:07:06  0:03:45     0
 65 25.5M   65 16.7M    0     0  40972      0  0:10:52  0:07:07  0:03:45     0
 65 25.5M   65 16.7M    0     0  40875      0  0:10:54  0:07:08  0:03:46     0
 65 25.5M   65 16.7M    0     0  40779      0  0:10:55  0:07:09  0:03:46     0
 65 25.5M   65 16.7M    0     0  40684      0  0:10:57  0:07:10  0:03:47     0
 66 25.5M   66 16.8M    0     0  40866      0  0:10:54  0:07:12  0:03:42 24609
 66 25.5M   66 16.9M    0     0  40967      0  0:10:52  0:07:13  0:03:39 40590
 66 25.5M   66 16.9M    0     0  40923      0  0:10:53  0:07:13  0:03:40 45275
 66 25.5M   66 16.9M    0     0  40875      0  0:10:54  0:07:14  0:03:40 49760
 66 25.5M   66 16.9M    0     0  40816      0  0:10:55  0:07:15  0:03:40 53093
 66 25.5M   66 16.9M    0     0  40701      0  0:10:57  0:07:16  0:03:41 25114
 66 25.5M   66 16.9M    0     0  40669      0  0:10:57  0:07:17  0:03:40 11195
 66 25.5M   66 16.9M    0     0  40603      0  0:10:58  0:07:18  0:03:40 13016
 66 25.5M   66 16.9M    0     0  40526      0  0:10:59  0:07:19  0:03:40  9925
 66 25.5M   66 16.9M    0     0  40473      0  0:11:00  0:07:20  0:03:40 10032
 66 25.5M   66 17.0M    0     0  40420      0  0:11:01  0:07:21  0:03:40 14057
 66 25.5M   66 17.0M    0     0  40328      0  0:11:03  0:07:22  0:03:41 10010
 66 25.5M   66 17.0M    0     0  40274      0  0:11:04  0:07:23  0:03:41 10238
 66 25.5M   66 17.0M    0     0  40217      0  0:11:04  0:07:24  0:03:40 13094
 66 25.5M   66 17.0M    0     0  40124      0  0:11:06  0:07:25  0:03:41  9723
 66 25.5M   66 17.0M    0     0  40065      0  0:11:07  0:07:26  0:03:41  9577
 66 25.5M   66 17.0M    0     0  39977      0  0:11:08  0:07:27  0:03:41  9611
 66 25.5M   66 17.0M    0     0  39934      0  0:11:09  0:07:28  0:03:41  9826
 66 25.5M   66 17.0M    0     0  39842      0  0:11:11  0:07:29  0:03:42  6547
 67 25.5M   67 17.0M    0     0  39793      0  0:11:12  0:07:30  0:03:42  9938
 67 25.5M   67 17.1M    0     0  39735      0  0:11:13  0:07:31  0:03:42  9937
 67 25.5M   67 17.1M    0     0  39643      0  0:11:14  0:07:32  0:03:42  9798
 67 25.5M   67 17.1M    0     0  39600      0  0:11:15  0:07:33  0:03:42  9789
 67 25.5M   67 17.1M    0     0  39514      0  0:11:16  0:07:34  0:03:42  9887
 67 25.5M   67 17.1M    0     0  39459      0  0:11:17  0:07:35  0:03:42  9709
 67 25.5M   67 17.1M    0     0  39401      0  0:11:18  0:07:36  0:03:42  9681
 67 25.5M   67 17.1M    0     0  39363      0  0:11:19  0:07:37  0:03:42 13440
 67 25.5M   67 17.1M    0     0  39239      0  0:11:21  0:07:38  0:03:43  9058
 67 25.5M   67 17.1M    0     0  39153      0  0:11:23  0:07:39  0:03:44  9023
 67 25.5M   67 17.1M    0     0  39068      0  0:11:24  0:07:40  0:03:44  6077
 67 25.5M   67 17.1M    0     0  38982      0  0:11:26  0:07:41  0:03:45  3084
 67 25.5M   67 17.1M    0     0  38898      0  0:11:27  0:07:42  0:03:45     0
 67 25.5M   67 17.1M    0     0  38813      0  0:11:29  0:07:43  0:03:46     0
 67 25.5M   67 17.1M    0     0  38729      0  0:11:30  0:07:44  0:03:46     0
 67 25.5M   67 17.1M    0     0  38645      0  0:11:32  0:07:45  0:03:47     0
 67 25.5M   67 17.1M    0     0  38562      0  0:11:33  0:07:46  0:03:47     0
 67 25.5M   67 17.1M    0     0  38479      0  0:11:35  0:07:47  0:03:48     0
 67 25.5M   67 17.1M    0     0  38396      0  0:11:36  0:07:48  0:03:48     0
 67 25.5M   67 17.1M    0     0  38313      0  0:11:38  0:07:49  0:03:49     0
 67 25.5M   67 17.1M    0     0  38231      0  0:11:39  0:07:50  0:03:49     0
 67 25.5M   67 17.1M    0     0  38149      0  0:11:41  0:07:51  0:03:50     0
 67 25.5M   67 17.1M    0     0  38092      0  0:11:42  0:07:52  0:03:50     0
 67 25.5M   67 17.2M    0     0  38129      0  0:11:41  0:07:53  0:03:48 10744
 67 25.5M   67 17.2M    0     0  38048      0  0:11:42  0:07:54  0:03:48 10751
 67 25.5M   67 17.2M    0     0  37967      0  0:11:44  0:07:55  0:03:49 10751
 67 25.5M   67 17.2M    0     0  37886      0  0:11:45  0:07:56  0:03:49 10751
 67 25.5M   67 17.2M    0     0  37806      0  0:11:47  0:07:57  0:03:50 10076
 67 25.5M   67 17.2M    0     0  37727      0  0:11:48  0:07:58  0:03:50     0
 67 25.5M   67 17.2M    0     0  37648      0  0:11:50  0:07:59  0:03:51     0
 67 25.5M   67 17.2M    0     0  37568      0  0:11:51  0:08:00  0:03:51     0
 67 25.5M   67 17.2M    0     0  37490      0  0:11:53  0:08:01  0:03:52     0
 67 25.5M   67 17.2M    0     0  37411      0  0:11:54  0:08:02  0:03:52     0
 67 25.5M   67 17.2M    0     0  37334      0  0:11:56  0:08:03  0:03:53     0
 67 25.5M   67 17.2M    0     0  37256      0  0:11:57  0:08:04  0:03:53     0
 67 25.5M   67 17.2M    0     0  37179      0  0:11:59  0:08:05  0:03:54     0
 67 25.5M   67 17.2M    0     0  37199      0  0:11:58  0:08:06  0:03:52  9665
 68 25.5M   68 17.3M    0     0  37316      0  0:11:56  0:08:07  0:03:49 28477
 68 25.5M   68 17.3M    0     0  37240      0  0:11:58  0:08:08  0:03:50 28455
 68 25.5M   68 17.3M    0     0  37163      0  0:11:59  0:08:09  0:03:50 28427
 68 25.5M   68 17.3M    0     0  37086      0  0:12:01  0:08:10  0:03:51 28427
 68 25.5M   68 17.3M    0     0  37010      0  0:12:02  0:08:11  0:03:51 19139
 68 25.5M   68 17.3M    0     0  36934      0  0:12:04  0:08:12  0:03:52     0
 68 25.5M   68 17.3M    0     0  36859      0  0:12:05  0:08:13  0:03:52     0
 68 25.5M   68 17.3M    0     0  36784      0  0:12:07  0:08:14  0:03:53     0
 68 25.5M   68 17.3M    0     0  36709      0  0:12:08  0:08:15  0:03:53     0
 68 25.5M   68 17.3M    0     0  36634      0  0:12:10  0:08:16  0:03:54     0
 68 25.5M   68 17.4M    0     0  36851      0  0:12:05  0:08:17  0:03:48 28837
 68 25.5M   68 17.4M    0     0  36777      0  0:12:07  0:08:18  0:03:49 28820
 68 25.5M   68 17.5M    0     0  36762      0  0:12:07  0:08:19  0:03:48 34488
 68 25.5M   68 17.5M    0     0  36754      0  0:12:07  0:08:20  0:03:47 41434
 68 25.5M   68 17.5M    0     0  36699      0  0:12:08  0:08:21  0:03:47 43262
 68 25.5M   68 17.5M    0     0  36611      0  0:12:10  0:08:22  0:03:48 12959
 68 25.5M   68 17.5M    0     0  36537      0  0:12:11  0:08:23  0:03:48 12931
 68 25.5M   68 17.5M    0     0  36464      0  0:12:13  0:08:24  0:03:49  9045
 68 25.5M   68 17.5M    0     0  36391      0  0:12:14  0:08:25  0:03:49  3010
 68 25.5M   68 17.5M    0     0  36318      0  0:12:16  0:08:26  0:03:50     0
 68 25.5M   68 17.5M    0     0  36246      0  0:12:17  0:08:27  0:03:50     0
 68 25.5M   68 17.5M    0     0  36174      0  0:12:19  0:08:28  0:03:51     0
 68 25.5M   68 17.5M    0     0  36103      0  0:12:20  0:08:29  0:03:51     0
 68 25.5M   68 17.5M    0     0  36032      0  0:12:22  0:08:30  0:03:52     0
 68 25.5M   68 17.5M    0     0  35961      0  0:12:23  0:08:31  0:03:52     0
 68 25.5M   68 17.5M    0     0  35891      0  0:12:25  0:08:33  0:03:52     0
 68 25.5M   68 17.5M    0     0  35857      0  0:12:25  0:08:33  0:03:52  3294
 68 25.5M   68 17.5M    0     0  35829      0  0:12:26  0:08:34  0:03:52  6793
 69 25.5M   69 17.6M    0     0  35824      0  0:12:26  0:08:35  0:03:51 11298
 69 25.5M   69 17.6M    0     0  35783      0  0:12:27  0:08:36  0:03:51 14976
 69 25.5M   69 17.6M    0     0  35714      0  0:12:28  0:08:37  0:03:51 14969
 69 25.5M   69 17.6M    0     0  35668      0  0:12:29  0:08:38  0:03:51 14387
 69 25.5M   69 17.6M    0     0  35604      0  0:12:31  0:08:39  0:03:52 10622
 69 25.5M   69 17.6M    0     0  35535      0  0:12:32  0:08:40  0:03:52  6416
 69 25.5M   69 17.6M    0     0  35466      0  0:12:34  0:08:41  0:03:53  3224
 69 25.5M   69 17.6M    0     0  35398      0  0:12:35  0:08:42  0:03:53  3227
 69 25.5M   69 17.6M    0     0  35330      0  0:12:36  0:08:43  0:03:53     0
 69 25.5M   69 17.6M    0     0  35262      0  0:12:38  0:08:44  0:03:54     0
 69 25.5M   69 17.6M    0     0  35194      0  0:12:39  0:08:45  0:03:54     0
 69 25.5M   69 17.6M    0     0  35127      0  0:12:41  0:08:46  0:03:55     0
 69 25.5M   69 17.6M    0     0  35060      0  0:12:42  0:08:47  0:03:55     0
 69 25.5M   69 17.6M    0     0  34993      0  0:12:44  0:08:48  0:03:56     0
 69 25.5M   69 17.6M    0     0  34939      0  0:12:45  0:08:50  0:03:55  5670
 69 25.5M   69 17.6M    0     0  34873      0  0:12:46  0:08:51  0:03:55  5670
 69 25.5M   69 17.7M    0     0  34980      0  0:12:44  0:08:51  0:03:53 20937
 69 25.5M   69 17.7M    0     0  34914      0  0:12:46  0:08:52  0:03:54 20903
 69 25.5M   69 17.7M    0     0  34848      0  0:12:47  0:08:53  0:03:54 20903
 69 25.5M   69 17.7M    0     0  34783      0  0:12:48  0:08:54  0:03:54 17291
 69 25.5M   69 17.7M    0     0  34805      0  0:12:48  0:08:56  0:03:52 27355
 69 25.5M   69 17.7M    0     0  34779      0  0:12:48  0:08:56  0:03:52 11335
 69 25.5M   69 17.7M    0     0  34714      0  0:12:50  0:08:57  0:03:53 11345
 69 25.5M   69 17.7M    0     0  34649      0  0:12:51  0:08:58  0:03:53 11370
 69 25.5M   69 17.7M    0     0  34584      0  0:12:53  0:08:59  0:03:54 11350
 69 25.5M   69 17.8M    0     0  34580      0  0:12:53  0:08:59  0:03:54  2197
curl: (18) Transferred a partial file
Warning: Problem (retrying all errors). Will retry in 2 seconds. 5 retries
Warning: left.

  0     0    0     0    0     0      0      0 --:--:-- --:--:-- --:--:--     0
  0     0    0     0    0     0      0      0 --:--:-- --:--:-- --:--:--     0
  0     0    0     0    0     0      0      0 --:--:--  0:00:02 --:--:--     0
  0     0    0     0    0     0      0      0 --:--:--  0:00:02 --:--:--     0

  0     0    0     0    0     0      0      0 --:--:--  0:00:03 --:--:--     0
  0     0    0     0    0     0      0      0 --:--:--  0:00:04 --:--:--     0
  0     0    0     0    0     0      0      0 --:--:--  0:00:05 --:--:--     0
  0     0    0     0    0     0      0      0 --:--:--  0:00:06 --:--:--     0
  0     0    0     0    0     0      0      0 --:--:--  0:00:07 --:--:--     0
  0     0    0     0    0     0      0      0 --:--:--  0:00:08 --:--:--     0
  0     0    0     0    0     0      0      0 --:--:--  0:00:09 --:--:--     0
  0     0    0     0    0     0      0      0 --:--:--  0:00:10 --:--:--     0
  0     0    0     0    0     0      0      0 --:--:--  0:00:11 --:--:--     0
  0     0    0     0    0     0      0      0 --:--:--  0:00:12 --:--:--     0
  0     0    0     0    0     0      0      0 --:--:--  0:00:13 --:--:--     0
  0     0    0     0    0     0      0      0 --:--:--  0:00:14 --:--:--     0
  0     0    0     0    0     0      0      0 --:--:--  0:00:15 --:--:--     0
  0     0    0     0    0     0      0      0 --:--:--  0:00:16 --:--:--     0
  0     0    0     0    0     0      0      0 --:--:--  0:00:18 --:--:--     0
  0     0    0     0    0     0      0      0 --:--:--  0:00:19 --:--:--     0
  0     0    0     0    0     0      0      0 --:--:--  0:00:20 --:--:--     0
  0     0    0     0    0     0      0      0 --:--:--  0:00:21 --:--:--     0
  0     0    0     0    0     0      0      0 --:--:--  0:00:22 --:--:--     0
  0     0    0     0    0     0      0      0 --:--:--  0:00:23 --:--:--     0
  0     0    0     0    0     0      0      0 --:--:--  0:00:24 --:--:--     0
  0     0    0     0    0     0      0      0 --:--:--  0:00:24 --:--:--     0
  0     0    0     0    0     0      0      0 --:--:--  0:00:25 --:--:--     0
  0     0    0     0    0     0      0      0 --:--:--  0:00:26 --:--:--     0
  0     0    0     0    0     0      0      0 --:--:--  0:00:27 --:--:--     0
  0     0    0     0    0     0      0      0 --:--:--  0:00:28 --:--:--     0
  0     0    0     0    0     0      0      0 --:--:--  0:00:29 --:--:--     0
  0     0    0     0    0     0      0      0 --:--:--  0:00:31 --:--:--     0
  0     0    0     0    0     0      0      0 --:--:--  0:00:32 --:--:--     0
  0     0    0     0    0     0      0      0 --:--:--  0:00:32 --:--:--     0
curl: (28) Send failure: Broken pipe
Warning: Problem : timeout. Will retry in 2 seconds. 4 retries left.

  0     0    0     0    0     0      0      0 --:--:-- --:--:-- --:--:--     0
  0     0    0     0    0     0      0      0 --:--:-- --:--:-- --:--:--     0
  0     0    0     0    0     0      0      0 --:--:--  0:00:01 --:--:--     0

  0     0    0     0    0     0      0      0 --:--:--  0:00:02 --:--:--     0
  0     0    0     0    0     0      0      0 --:--:--  0:00:03 --:--:--     0
  0     0    0     0    0     0      0      0 --:--:--  0:00:04 --:--:--     0
  0     0    0     0    0     0      0      0 --:--:--  0:00:05 --:--:--     0
  0     0    0     0    0     0      0      0 --:--:--  0:00:06 --:--:--     0
  0     0    0     0    0     0      0      0 --:--:--  0:00:07 --:--:--     0
  0     0    0     0    0     0      0      0 --:--:--  0:00:08 --:--:--     0
  0     0    0     0    0     0      0      0 --:--:--  0:00:09 --:--:--     0
  0     0    0     0    0     0      0      0 --:--:--  0:00:10 --:--:--     0
  0     0    0     0    0     0      0      0 --:--:--  0:00:11 --:--:--     0
  0     0    0     0    0     0      0      0 --:--:--  0:00:12 --:--:--     0
  0     0    0     0    0     0      0      0 --:--:--  0:00:13 --:--:--     0
  0     0    0     0    0     0      0      0 --:--:--  0:00:14 --:--:--     0
  0     0    0     0    0     0      0      0 --:--:--  0:00:15 --:--:--     0
  0     0    0     0    0     0      0      0 --:--:--  0:00:17 --:--:--     0
  0     0    0     0    0     0      0      0 --:--:--  0:00:18 --:--:--     0
  0     0    0     0    0     0      0      0 --:--:--  0:00:19 --:--:--     0
  0     0    0     0    0     0      0      0 --:--:--  0:00:20 --:--:--     0
  0     0    0     0    0     0      0      0 --:--:--  0:00:21 --:--:--     0
  0     0    0     0    0     0      0      0 --:--:--  0:00:22 --:--:--     0
  0     0    0     0    0     0      0      0 --:--:--  0:00:23 --:--:--     0
  0     0    0     0    0     0      0      0 --:--:--  0:00:24 --:--:--     0
  0     0    0     0    0     0      0      0 --:--:--  0:00:25 --:--:--     0
  0     0    0     0    0     0      0      0 --:--:--  0:00:26 --:--:--     0
  0     0    0     0    0     0      0      0 --:--:--  0:00:27 --:--:--     0
  0     0    0     0    0     0      0      0 --:--:--  0:00:28 --:--:--     0
  0     0    0     0    0     0      0      0 --:--:--  0:00:29 --:--:--     0
  0     0    0     0    0     0      0      0 --:--:--  0:00:30 --:--:--     0
  0     0    0     0    0     0      0      0 --:--:--  0:00:31 --:--:--     0
curl: (28) SSL connection timeout
Warning: Problem : timeout. Will retry in 2 seconds. 3 retries left.

  0     0    0     0    0     0      0      0 --:--:-- --:--:-- --:--:--     0
  0     0    0     0    0     0      0      0 --:--:-- --:--:-- --:--:--     0
  0     0    0     0    0     0      0      0 --:--:--  0:00:01 --:--:--     0
  0     0    0     0    0     0      0      0 --:--:--  0:00:02 --:--:--     0
  0     0    0     0    0     0      0      0 --:--:--  0:00:03 --:--:--     0
  0     0    0     0    0     0      0      0 --:--:--  0:00:04 --:--:--     0
  0     0    0     0    0     0      0      0 --:--:--  0:00:05 --:--:--     0
  0     0    0     0    0     0      0      0 --:--:--  0:00:06 --:--:--     0
  0     0    0     0    0     0      0      0 --:--:--  0:00:07 --:--:--     0
  0     0    0     0    0     0      0      0 --:--:--  0:00:07 --:--:--     0

  0     0    0     0    0     0      0      0 --:--:--  0:00:08 --:--:--     0
  0     0    0     0    0     0      0      0 --:--:--  0:00:09 --:--:--     0
  0     0    0     0    0     0      0      0 --:--:--  0:00:10 --:--:--     0
  0     0    0     0    0     0      0      0 --:--:--  0:00:11 --:--:--     0
  0     0    0     0    0     0      0      0 --:--:--  0:00:12 --:--:--     0
  0     0    0     0    0     0      0      0 --:--:--  0:00:13 --:--:--     0
  0     0    0     0    0     0      0      0 --:--:--  0:00:14 --:--:--     0
  0     0    0     0    0     0      0      0 --:--:--  0:00:15 --:--:--     0
  0     0    0     0    0     0      0      0 --:--:--  0:00:16 --:--:--     0
  0     0    0     0    0     0      0      0 --:--:--  0:00:17 --:--:--     0
  0     0    0     0    0     0      0      0 --:--:--  0:00:18 --:--:--     0
  0     0    0     0    0     0      0      0 --:--:--  0:00:19 --:--:--     0
  0     0    0     0    0     0      0      0 --:--:--  0:00:20 --:--:--     0
  0     0    0     0    0     0      0      0 --:--:--  0:00:21 --:--:--     0
  0     0    0     0    0     0      0      0 --:--:--  0:00:22 --:--:--     0
  0     0    0     0    0     0      0      0 --:--:--  0:00:23 --:--:--     0
  0     0    0     0    0     0      0      0 --:--:--  0:00:24 --:--:--     0
  0     0    0     0    0     0      0      0 --:--:--  0:00:25 --:--:--     0
  0     0    0     0    0     0      0      0 --:--:--  0:00:26 --:--:--     0
  0     0    0     0    0     0      0      0 --:--:--  0:00:27 --:--:--     0
  0     0    0     0    0     0      0      0 --:--:--  0:00:28 --:--:--     0
  0     0    0     0    0     0      0      0 --:--:--  0:00:29 --:--:--     0
  0     0    0     0    0     0      0      0 --:--:--  0:00:30 --:--:--     0
  0     0    0     0    0     0      0      0 --:--:--  0:00:31 --:--:--     0
  0     0    0     0    0     0      0      0 --:--:--  0:00:32 --:--:--     0
  0     0    0     0    0     0      0      0 --:--:--  0:00:33 --:--:--     0
  0     0    0     0    0     0      0      0 --:--:--  0:00:34 --:--:--     0
  0     0    0     0    0     0      0      0 --:--:--  0:00:35 --:--:--     0
  0     0    0     0    0     0      0      0 --:--:--  0:00:36 --:--:--     0
  0     0    0     0    0     0      0      0 --:--:--  0:00:37 --:--:--     0
  0 25.5M    0  9006    0     0    236      0 31:28:42  0:00:38 31:28:04  1870
  0 25.5M    0 11738    0     0    299      0 24:50:45  0:00:39 24:50:06  2673
  0 25.5M    0 22316    0     0    555      0 13:23:07  0:00:40 13:22:27  5097
  0 25.5M    0 41413    0     0    988      0  7:31:09  0:00:41  7:30:28  7988
  0 25.5M    0 60474    0     0   1432      0  5:11:16  0:00:42  5:10:34 11717
  0 25.5M    0 88815    0     0   2054      0  3:37:00  0:00:43  3:36:17 15636
  0 25.5M    0 98341    0     0   2233      0  3:19:36  0:00:44  3:18:52 17889
  0 25.5M    0  105k    0     0   2390      0  3:06:30  0:00:45  3:05:45 17337
  0 25.5M    0  116k    0     0   2544      0  2:55:12  0:00:46  2:54:26 16081
  0 25.5M    0  126k    0     0   2713      0  2:44:17  0:00:47  2:43:30 12350
  0 25.5M    0  129k    0     0   2760      0  2:41:29  0:00:48  2:40:41  9134
  0 25.5M    0  129k    0     0   2703      0  2:44:54  0:00:49  2:44:05  6845
  0 25.5M    0  158k    0     0   3230      0  2:17:59  0:00:50  2:17:09 10532
  0 25.5M    0  165k    0     0   3262      0  2:16:38  0:00:51  2:15:47  9692
  0 25.5M    0  165k    0     0   3200      0  2:19:17  0:00:52  2:18:25  7796
  0 25.5M    0  174k    0     0   3365      0  2:12:27  0:00:53  2:11:34  9042
  0 25.5M    0  176k    0     0   3336      0  2:13:36  0:00:54  2:12:42  9561
  0 25.5M    0  186k    0     0   3467      0  2:08:33  0:00:55  2:07:38  5955
  0 25.5M    0  189k    0     0   3411      0  2:10:40  0:00:56  2:09:44  4977
  0 25.5M    0  192k    0     0   3405      0  2:10:54  0:00:57  2:09:57  5646
  0 25.5M    0  192k    0     0   3347      0  2:13:10  0:00:58  2:12:12  3179
  0 25.5M    0  192k    0     0   3290      0  2:15:28  0:00:59  2:14:29  2863
  0 25.5M    0  192k    0     0   3236      0  2:17:44  0:01:00  2:16:44   987
  0 25.5M    0  192k    0     0   3183      0  2:20:02  0:01:01  2:19:01   579
  0 25.5M    0  192k    0     0   3132      0  2:22:19  0:01:02  2:21:17     0
  0 25.5M    0  192k    0     0   3083      0  2:24:34  0:01:03  2:23:31     0
  0 25.5M    0  192k    0     0   3035      0  2:26:51  0:01:04  2:25:47     0
  0 25.5M    0  192k    0     0   2988      0  2:29:10  0:01:05  2:28:05     0
  0 25.5M    0  192k    0     0   2943      0  2:31:27  0:01:06  2:30:21     0
  0 25.5M    0  192k    0     0   2899      0  2:33:45  0:01:07  2:32:38     0
  0 25.5M    0  192k    0     0   2857      0  2:36:00  0:01:08  2:34:52     0
  0 25.5M    0  192k    0     0   2816      0  2:38:17  0:01:09  2:37:08     0
  0 25.5M    0  192k    0     0   2776      0  2:40:34  0:01:10  2:39:24     0
  0 25.5M    0  192k    0     0   2737      0  2:42:51  0:01:11  2:41:40     0
  0 25.5M    0  192k    0     0   2699      0  2:45:08  0:01:12  2:43:56     0
  0 25.5M    0  192k    0     0   2662      0  2:47:26  0:01:13  2:46:13     0
  0 25.5M    0  192k    0     0   2626      0  2:49:44  0:01:14  2:48:30     0
  0 25.5M    0  192k    0     0   2591      0  2:52:01  0:01:15  2:50:46     0
  0 25.5M    0  192k    0     0   2557      0  2:54:19  0:01:16  2:53:03     0
  0 25.5M    0  192k    0     0   2524      0  2:56:35  0:01:17  2:55:18     0
  0 25.5M    0  192k    0     0   2492      0  2:58:52  0:01:18  2:57:34     0
  0 25.5M    0  192k    0     0   2461      0  3:01:07  0:01:19  2:59:48     0
  0 25.5M    0  196k    0     0   2491      0  2:58:56  0:01:20  2:57:36   870
  0 25.5M    0  197k    0     0   2482      0  2:59:35  0:01:21  2:58:14  1202
  0 25.5M    0  198k    0     0   2470      0  3:00:27  0:01:22  2:59:05  1529
  0 25.5M    0  201k    0     0   2460      0  3:01:11  0:01:23  2:59:48  1939
  0 25.5M    0  201k    0     0   2430      0  3:03:25  0:01:24  3:02:01  1938
  0 25.5M    0  201k    0     0   2402      0  3:05:34  0:01:25  3:04:09  1036
  0 25.5M    0  206k    0     0   2461      0  3:01:07  0:01:26  2:59:41  2089
  0 25.5M    0  212k    0     0   2483      0  2:59:30  0:01:27  2:58:03  2700
  0 25.5M    0  221k    0     0   2567      0  2:53:38  0:01:28  2:52:10  4584
  0 25.5M    0  226k    0     0   2607      0  2:50:58  0:01:29  2:49:29  6215
  0 25.5M    0  226k    0     0   2578      0  2:52:54  0:01:30  2:51:24  6209
  0 25.5M    0  229k    0     0   2574      0  2:53:10  0:01:31  2:51:39  4442
  0 25.5M    0  229k    0     0   2546      0  2:55:04  0:01:32  2:53:32  3686
  0 25.5M    0  229k    0     0   2519      0  2:56:56  0:01:33  2:55:23  1654
  0 25.5M    0  229k    0     0   2492      0  2:58:52  0:01:34  2:57:18   520
  0 25.5M    0  229k    0     0   2465      0  3:00:49  0:01:35  2:59:14   520
  0 25.5M    0  229k    0     0   2439      0  3:02:45  0:01:36  3:01:09     0
  0 25.5M    0  229k    0     0   2414      0  3:04:38  0:01:37  3:03:01     0
  0 25.5M    0  229k    0     0   2389      0  3:06:34  0:01:38  3:04:56     0
  0 25.5M    0  229k    0     0   2365      0  3:08:28  0:01:39  3:06:49     0
  0 25.5M    0  229k    0     0   2341      0  3:10:24  0:01:40  3:08:44     0
  0 25.5M    0  229k    0     0   2318      0  3:12:17  0:01:41  3:10:36     0
  0 25.5M    0  229k    0     0   2295      0  3:14:13  0:01:42  3:12:31     0
  0 25.5M    0  237k    0     0   2339      0  3:10:34  0:01:43  3:08:51  1461
  0 25.5M    0  237k    0     0   2317      0  3:12:22  0:01:44  3:10:38  1460
  0 25.5M    0  237k    0     0   2295      0  3:14:13  0:01:45  3:12:28  1460
  0 25.5M    0  237k    0     0   2273      0  3:16:06  0:01:46  3:14:20  1460
  0 25.5M    0  237k    0     0   2252      0  3:17:55  0:01:47  3:16:08  1459
  0 25.5M    0  237k    0     0   2231      0  3:19:47  0:01:48  3:17:59     0
  0 25.5M    0  237k    0     0   2210      0  3:21:41  0:01:49  3:19:52     0
  0 25.5M    0  237k    0     0   2190      0  3:23:31  0:01:50  3:21:41     0
  0 25.5M    0  237k    0     0   2171      0  3:25:18  0:01:51  3:23:27     0
  0 25.5M    0  237k    0     0   2151      0  3:27:13  0:01:52  3:25:21     0
  0 25.5M    0  237k    0     0   2132      0  3:29:04  0:01:53  3:27:11     0
  0 25.5M    0  237k    0     0   2114      0  3:30:50  0:01:54  3:28:56     0
  0 25.5M    0  237k    0     0   2095      0  3:32:45  0:01:55  3:30:50     0
  0 25.5M    0  237k    0     0   2077      0  3:34:36  0:01:56  3:32:40     0
  0 25.5M    0  237k    0     0   2059      0  3:36:28  0:01:57  3:34:31     0
  0 25.5M    0  237k    0     0   2042      0  3:38:17  0:01:59  3:36:18     0
  0 25.5M    0  240k    0     0   2061      0  3:36:16  0:01:59  3:34:17   641
  0 25.5M    0  242k    0     0   2069      0  3:35:26  0:02:00  3:33:26  1323
  0 25.5M    0  245k    0     0   2073      0  3:35:01  0:02:01  3:33:00  1947
  0 25.5M    0  246k    0     0   2057      0  3:36:41  0:02:02  3:34:39  2003
  0 25.5M    0  253k    0     0   2098      0  3:32:27  0:02:03  3:30:24  3571
  0 25.5M    0  254k    0     0   2102      0  3:32:03  0:02:04  3:29:59  3115
  0 25.5M    0  258k    0     0   2118      0  3:30:27  0:02:05  3:28:22  3315
  0 25.5M    0  258k    0     0   2102      0  3:32:03  0:02:06  3:29:57  2817
  1 25.5M    1  261k    0     0   2106      0  3:31:39  0:02:07  3:29:32  3502
  1 25.5M    1  280k    0     0   2229      0  3:19:58  0:02:08  3:17:50  5415
  1 25.5M    1  282k    0     0   2231      0  3:19:47  0:02:09  3:17:38  5004
  1 25.5M    1  293k    0     0   2309      0  3:13:02  0:02:10  3:10:52  7033
  1 25.5M    1  301k    0     0   2355      0  3:09:16  0:02:11  3:07:05  8807
  1 25.5M    1  313k    0     0   2420      0  3:04:11  0:02:12  3:01:59  9720
  1 25.5M    1  317k    0     0   2431      0  3:03:21  0:02:13  3:01:08  7604
  1 25.5M    1  317k    0     0   2412      0  3:04:47  0:02:14  3:02:33  7236
  1 25.5M    1  317k    0     0   2394      0  3:06:11  0:02:15  3:03:56  4401
  1 25.5M    1  317k    0     0   2377      0  3:07:31  0:02:16  3:05:15  2884
  1 25.5M    1  317k    0     0   2359      0  3:08:57  0:02:17  3:06:40   793
  1 25.5M    1  317k    0     0   2342      0  3:10:19  0:02:18  3:08:01     0
  1 25.5M    1  326k    0     0   2392      0  3:06:20  0:02:19  3:04:01  1869
  1 25.5M    1  326k    0     0   2375      0  3:07:40  0:02:20  3:05:20  1868
  1 25.5M    1  326k    0     0   2358      0  3:09:01  0:02:21  3:06:40  1869
  1 25.5M    1  326k    0     0   2342      0  3:10:19  0:02:22  3:07:57  1869
  1 25.5M    1  326k    0     0   2325      0  3:11:42  0:02:23  3:09:19  1870
  1 25.5M    1  326k    0     0   2309      0  3:13:02  0:02:24  3:10:38     0
  1 25.5M    1  330k    0     0   2332      0  3:11:08  0:02:25  3:08:43   944
  1 25.5M    1  330k    0     0   2316      0  3:12:27  0:02:26  3:10:01   946
  1 25.5M    1  342k    0     0   2380      0  3:07:17  0:02:27  3:04:50  3577
  1 25.5M    1  348k    0     0   2405      0  3:05:20  0:02:28  3:02:52  5051
  1 25.5M    1  354k    0     0   2435      0  3:03:03  0:02:29  3:00:34  6759
  1 25.5M    1  358k    0     0   2448      0  3:02:04  0:02:30  2:59:34  5929
  1 25.5M    1  358k    0     0   2432      0  3:03:16  0:02:31  3:00:45  5919
  1 25.5M    1  358k    0     0   2416      0  3:04:29  0:02:32  3:01:57  3571
  1 25.5M    1  358k    0     0   2400      0  3:05:43  0:02:33  3:03:10  2253
  1 25.5M    1  358k    0     0   2384      0  3:06:58  0:02:34  3:04:24   831
  1 25.5M    1  358k    0     0   2369      0  3:08:09  0:02:35  3:05:34     0
  1 25.5M    1  358k    0     0   2353      0  3:09:25  0:02:36  3:06:49     0
  1 25.5M    1  358k    0     0   2338      0  3:10:38  0:02:37  3:08:01     0
  1 25.5M    1  358k    0     0   2323      0  3:11:52  0:02:38  3:09:14     0
  1 25.5M    1  364k    0     0   2342      0  3:10:19  0:02:39  3:07:40  1068
  1 25.5M    1  378k    0     0   2413      0  3:04:43  0:02:40  3:02:03  3650
  1 25.5M    1  382k    0     0   2431      0  3:03:21  0:02:41  3:00:40  4833
  1 25.5M    1  388k    0     0   2442      0  3:02:31  0:02:42  2:59:49  5303
  1 25.5M    1  394k    0     0   2472      0  3:00:18  0:02:43  2:57:35  6855
  1 25.5M    1  396k    0     0   2462      0  3:01:02  0:02:44  2:58:18  5864
  1 25.5M    1  396k    0     0   2447      0  3:02:09  0:02:45  2:59:24  3501
  1 25.5M    1  400k    0     0   2457      0  3:01:24  0:02:46  2:58:38  3218
  1 25.5M    1  401k    0     0   2448      0  3:02:04  0:02:47  2:59:17  2669
  1 25.5M    1  401k    0     0   2434      0  3:03:07  0:02:48  3:00:19  1261
  1 25.5M    1  401k    0     0   2419      0  3:04:15  0:02:49  3:01:26  1061
  1 25.5M    1  402k    0     0   2414      0  3:04:38  0:02:50  3:01:48  1352
  1 25.5M    1  405k    0     0   2424      0  3:03:53  0:02:51  3:01:02  1207
  1 25.5M    1  412k    0     0   2451      0  3:01:51  0:02:52  2:58:59  2546
  1 25.5M    1  426k    0     0   2518      0  2:57:01  0:02:53  2:54:08  5584
  1 25.5M    1  430k    0     0   2533      0  2:55:58  0:02:54  2:53:04  7144
  1 25.5M    1  452k    0     0   2641      0  2:48:46  0:02:55  2:45:51 11294
  1 25.5M    1  457k    0     0   2661      0  2:47:30  0:02:56  2:44:34 11058
  1 25.5M    1  476k    0     0   2753      0  2:41:54  0:02:57  2:38:57 13240
  1 25.5M    1  476k    0     0   2737      0  2:42:51  0:02:58  2:39:53 11001
  1 25.5M    1  476k    0     0   2722      0  2:43:45  0:02:59  2:40:46  9245
  1 25.5M    1  486k    0     0   2768      0  2:41:01  0:03:00  2:38:01  7428
  1 25.5M    1  488k    0     0   2760      0  2:41:29  0:03:01  2:38:28  6268
  1 25.5M    1  490k    0     0   2754      0  2:41:51  0:03:02  2:38:49  2818
  1 25.5M    1  492k    0     0   2740      0  2:42:40  0:03:03  2:39:37  2842
  1 25.5M    1  500k    0     0   2774      0  2:40:41  0:03:04  2:37:37  4499
  1 25.5M    1  514k    0     0   2847      0  2:36:33  0:03:05  2:33:28  5632
  2 25.5M    2  529k    0     0   2913      0  2:33:00  0:03:06  2:29:54  8413
  2 25.5M    2  542k    0     0   2962      0  2:30:29  0:03:07  2:27:22 10239
  2 25.5M    2  542k    0     0   2946      0  2:31:18  0:03:08  2:28:10 10884
  2 25.5M    2  562k    0     0   3040      0  2:26:37  0:03:09  2:23:28 12896
  2 25.5M    2  576k    0     0   3100      0  2:23:47  0:03:10  2:20:37 12196
  2 25.5M    2  576k    0     0   3084      0  2:24:31  0:03:11  2:21:20  9124
  2 25.5M    2  588k    0     0   3131      0  2:22:21  0:03:12  2:19:09  9865
  2 25.5M    2  590k    0     0   3131      0  2:22:21  0:03:13  2:19:08 10799
  2 25.5M    2  596k    0     0   3144      0  2:21:46  0:03:14  2:18:32  7479
  2 25.5M    2  609k    0     0   3199      0  2:19:20  0:03:15  2:16:05  7137
  2 25.5M    2  620k    0     0   3235      0  2:17:47  0:03:16  2:14:31  9129
  2 25.5M    2  625k    0     0   3238      0  2:17:39  0:03:17  2:14:22  7044
  2 25.5M    2  627k    0     0   3244      0  2:17:24  0:03:18  2:14:06  7568
  2 25.5M    2  629k    0     0   3232      0  2:17:54  0:03:19  2:14:35  6464
  2 25.5M    2  629k    0     0   3216      0  2:18:35  0:03:20  2:15:15  3848
  2 25.5M    2  629k    0     0   3200      0  2:19:17  0:03:21  2:15:56  1850
  2 25.5M    2  629k    0     0   3184      0  2:19:59  0:03:22  2:16:37   877
  2 25.5M    2  629k    0     0   3168      0  2:20:41  0:03:23  2:17:18   263
  2 25.5M    2  629k    0     0   3152      0  2:21:24  0:03:24  2:18:00     0
  2 25.5M    2  629k    0     0   3137      0  2:22:05  0:03:25  2:18:40     0
  2 25.5M    2  629k    0     0   3122      0  2:22:46  0:03:26  2:19:20     0
  2 25.5M    2  629k    0     0   3106      0  2:23:30  0:03:27  2:20:03     0
  2 25.5M    2  629k    0     0   3091      0  2:24:12  0:03:28  2:20:44     0
  2 25.5M    2  629k    0     0   3076      0  2:24:54  0:03:29  2:21:25     0
  2 25.5M    2  629k    0     0   3062      0  2:25:34  0:03:30  2:22:04     0
  2 25.5M    2  629k    0     0   3047      0  2:26:17  0:03:31  2:22:46     0
  2 25.5M    2  629k    0     0   3033      0  2:26:57  0:03:32  2:23:25     0
  2 25.5M    2  629k    0     0   3018      0  2:27:41  0:03:33  2:24:08     0
  2 25.5M    2  629k    0     0   3004      0  2:28:22  0:03:34  2:24:48     0
  2 25.5M    2  629k    0     0   2990      0  2:29:04  0:03:35  2:25:29     0
  2 25.5M    2  629k    0     0   2976      0  2:29:46  0:03:36  2:26:10     0
  2 25.5M    2  629k    0     0   2962      0  2:30:29  0:03:37  2:26:52     0
  2 25.5M    2  629k    0     0   2949      0  2:31:08  0:03:38  2:27:30     0
  2 25.5M    2  629k    0     0   2935      0  2:31:52  0:03:39  2:28:13     0
  2 25.5M    2  629k    0     0   2922      0  2:32:32  0:03:40  2:28:52     0
  2 25.5M    2  629k    0     0   2908      0  2:33:16  0:03:41  2:29:35     0
  2 25.5M    2  629k    0     0   2895      0  2:33:58  0:03:42  2:30:16     0
  2 25.5M    2  629k    0     0   2882      0  2:34:39  0:03:43  2:30:56     0
  2 25.5M    2  629k    0     0   2869      0  2:35:21  0:03:44  2:31:37     0
  2 25.5M    2  629k    0     0   2856      0  2:36:04  0:03:45  2:32:19     0
  2 25.5M    2  629k    0     0   2844      0  2:36:43  0:03:46  2:32:57     0
  2 25.5M    2  629k    0     0   2831      0  2:37:26  0:03:47  2:33:39     0
  2 25.5M    2  629k    0     0   2818      0  2:38:10  0:03:48  2:34:22     0
  2 25.5M    2  629k    0     0   2806      0  2:38:51  0:03:49  2:35:02     0
  2 25.5M    2  629k    0     0   2794      0  2:39:32  0:03:50  2:35:42     0
  2 25.5M    2  629k    0     0   2782      0  2:40:13  0:03:51  2:36:22     0
  2 25.5M    2  629k    0     0   2770      0  2:40:54  0:03:52  2:37:02     0
  2 25.5M    2  629k    0     0   2758      0  2:41:36  0:03:53  2:37:43     0
  2 25.5M    2  629k    0     0   2746      0  2:42:19  0:03:54  2:38:25     0
  2 25.5M    2  629k    0     0   2734      0  2:43:02  0:03:55  2:39:07     0
  2 25.5M    2  629k    0     0   2722      0  2:43:45  0:03:56  2:39:49     0
  2 25.5M    2  629k    0     0   2711      0  2:44:25  0:03:57  2:40:28     0
  2 25.5M    2  629k    0     0   2699      0  2:45:08  0:03:58  2:41:10     0
  2 25.5M    2  629k    0     0   2688      0  2:45:49  0:03:59  2:41:50     0
  2 25.5M    2  629k    0     0   2677      0  2:46:30  0:04:00  2:42:30     0
  2 25.5M    2  629k    0     0   2666      0  2:47:11  0:04:01  2:43:10     0
  2 25.5M    2  629k    0     0   2655      0  2:47:53  0:04:02  2:43:51     0
  2 25.5M    2  629k    0     0   2644      0  2:48:35  0:04:03  2:44:32     0
  2 25.5M    2  631k    0     0   2647      0  2:48:23  0:04:04  2:44:19   569
  2 25.5M    2  631k    0     0   2636      0  2:49:05  0:04:05  2:45:00   569
  2 25.5M    2  631k    0     0   2625      0  2:49:48  0:04:06  2:45:42   569
  2 25.5M    2  635k    0     0   2633      0  2:49:17  0:04:07  2:45:10  1475
  2 25.5M    2  635k    0     0   2622      0  2:49:59  0:04:08  2:45:51  1475
  2 25.5M    2  635k    0     0   2611      0  2:50:42  0:04:09  2:46:33   838
  2 25.5M    2  635k    0     0   2601      0  2:51:22  0:04:10  2:47:12   838
  2 25.5M    2  635k    0     0   2590      0  2:52:05  0:04:11  2:47:54   838
  2 25.5M    2  635k    0     0   2580      0  2:52:45  0:04:12  2:48:33     0
  2 25.5M    2  635k    0     0   2570      0  2:53:26  0:04:13  2:49:13     0
  2 25.5M    2  635k    0     0   2559      0  2:54:11  0:04:14  2:49:57     0
  2 25.5M    2  635k    0     0   2549      0  2:54:52  0:04:15  2:50:37     0
  2 25.5M    2  635k    0     0   2539      0  2:55:33  0:04:16  2:51:17     0
  2 25.5M    2  635k    0     0   2529      0  2:56:14  0:04:17  2:51:57     0
  2 25.5M    2  635k    0     0   2519      0  2:56:56  0:04:18  2:52:38     0
  2 25.5M    2  635k    0     0   2510      0  2:57:35  0:04:19  2:53:16     0
  2 25.5M    2  635k    0     0   2500      0  2:58:17  0:04:20  2:53:57     0
  2 25.5M    2  635k    0     0   2490      0  2:59:00  0:04:21  2:54:39     0
  2 25.5M    2  635k    0     0   2481      0  2:59:39  0:04:22  2:55:17     0
  2 25.5M    2  635k    0     0   2471      0  3:00:23  0:04:23  2:56:00     0
  2 25.5M    2  635k    0     0   2462      0  3:01:02  0:04:24  2:56:38     0
  2 25.5M    2  635k    0     0   2452      0  3:01:47  0:04:25  2:57:22     0
  2 25.5M    2  635k    0     0   2443      0  3:02:27  0:04:26  2:58:01     0
  2 25.5M    2  635k    0     0   2434      0  3:03:07  0:04:27  2:58:40     0
  2 25.5M    2  635k    0     0   2425      0  3:03:48  0:04:28  2:59:20     0
  2 25.5M    2  635k    0     0   2416      0  3:04:29  0:04:29  3:00:00     0
  2 25.5M    2  635k    0     0   2407      0  3:05:10  0:04:30  3:00:40     0
  2 25.5M    2  635k    0     0   2398      0  3:05:52  0:04:31  3:01:21     0
  2 25.5M    2  635k    0     0   2389      0  3:06:34  0:04:32  3:02:02     0
  2 25.5M    2  635k    0     0   2380      0  3:07:17  0:04:33  3:02:44     0
  2 25.5M    2  635k    0     0   2371      0  3:07:59  0:04:34  3:03:25     0
  2 25.5M    2  635k    0     0   2363      0  3:08:37  0:04:35  3:04:02     0
  2 25.5M    2  635k    0     0   2354      0  3:09:21  0:04:36  3:04:45     0
  2 25.5M    2  635k    0     0   2345      0  3:10:04  0:04:37  3:05:27     0
  2 25.5M    2  635k    0     0   2337      0  3:10:43  0:04:38  3:06:05     0
  2 25.5M    2  635k    0     0   2329      0  3:11:23  0:04:39  3:06:44     0
  2 25.5M    2  635k    0     0   2320      0  3:12:07  0:04:40  3:07:27     0
  2 25.5M    2  635k    0     0   2312      0  3:12:47  0:04:41  3:08:06     0
  2 25.5M    2  635k    0     0   2304      0  3:13:27  0:04:42  3:08:45     0
  2 25.5M    2  635k    0     0   2296      0  3:14:08  0:04:43  3:09:25     0
  2 25.5M    2  635k    0     0   2287      0  3:14:53  0:04:44  3:10:09     0
  2 25.5M    2  635k    0     0   2279      0  3:15:35  0:04:45  3:10:50     0
  2 25.5M    2  635k    0     0   2271      0  3:16:16  0:04:46  3:11:30     0
  2 25.5M    2  635k    0     0   2263      0  3:16:58  0:04:47  3:12:11     0
  2 25.5M    2  635k    0     0   2255      0  3:17:39  0:04:48  3:12:51     0
  2 25.5M    2  635k    0     0   2248      0  3:18:16  0:04:49  3:13:27     0
  2 25.5M    2  635k    0     0   2240      0  3:18:59  0:04:50  3:14:09     0
  2 25.5M    2  635k    0     0   2232      0  3:19:42  0:04:51  3:14:51     0
  2 25.5M    2  635k    0     0   2224      0  3:20:25  0:04:52  3:15:33     0
  2 25.5M    2  635k    0     0   2217      0  3:21:03  0:04:53  3:16:10     0
  2 25.5M    2  635k    0     0   2209      0  3:21:46  0:04:54  3:16:52     0
  2 25.5M    2  635k    0     0   2202      0  3:22:25  0:04:55  3:17:30     0
  2 25.5M    2  635k    0     0   2194      0  3:23:09  0:04:56  3:18:13     0
  2 25.5M    2  635k    0     0   2187      0  3:23:48  0:04:57  3:18:51     0
  2 25.5M    2  635k    0     0   2179      0  3:24:33  0:04:58  3:19:35     0
  2 25.5M    2  635k    0     0   2172      0  3:25:13  0:04:59  3:20:14     0
  2 25.5M    2  635k    0     0   2165      0  3:25:52  0:05:00  3:20:52     0
  2 25.5M    2  635k    0     0   2157      0  3:26:38  0:05:01  3:21:37     0
  2 25.5M    2  635k    0     0   2150      0  3:27:19  0:05:02  3:22:17     0
  2 25.5M    2  635k    0     0   2143      0  3:27:59  0:05:03  3:22:56     0
  2 25.5M    2  635k    0     0   2136      0  3:28:40  0:05:04  3:23:36     0
  2 25.5M    2  635k    0     0   2129      0  3:29:21  0:05:05  3:24:16     0
  2 25.5M    2  635k    0     0   2122      0  3:30:03  0:05:06  3:24:57     0
  2 25.5M    2  635k    0     0   2115      0  3:30:44  0:05:07  3:25:37     0
  2 25.5M    2  635k    0     0   2108      0  3:31:26  0:05:08  3:26:18     0
  2 25.5M    2  635k    0     0   2101      0  3:32:09  0:05:09  3:27:00     0
  2 25.5M    2  635k    0     0   2094      0  3:32:51  0:05:10  3:27:41     0
  2 25.5M    2  635k    0     0   2088      0  3:33:28  0:05:11  3:28:17     0
  2 25.5M    2  635k    0     0   2081      0  3:34:11  0:05:12  3:28:59     0
  2 25.5M    2  635k    0     0   2074      0  3:34:54  0:05:13  3:29:41     0
  2 25.5M    2  635k    0     0   2068      0  3:35:32  0:05:14  3:30:18     0
  2 25.5M    2  635k    0     0   2061      0  3:36:16  0:05:15  3:31:01     0
  2 25.5M    2  635k    0     0   2054      0  3:37:00  0:05:16  3:31:44     0
  2 25.5M    2  635k    0     0   2048      0  3:37:38  0:05:17  3:32:21     0
  2 25.5M    2  635k    0     0   2041      0  3:38:23  0:05:18  3:33:05     0
  2 25.5M    2  635k    0     0   2035      0  3:39:02  0:05:19  3:33:43     0
  2 25.5M    2  635k    0     0   2029      0  3:39:40  0:05:20  3:34:20     0
  2 25.5M    2  635k    0     0   2022      0  3:40:26  0:05:21  3:35:05     0
  2 25.5M    2  635k    0     0   2016      0  3:41:05  0:05:22  3:35:43     0
  2 25.5M    2  635k    0     0   2010      0  3:41:45  0:05:23  3:36:22     0
  2 25.5M    2  635k    0     0   2003      0  3:42:32  0:05:24  3:37:08     0
  2 25.5M    2  635k    0     0   1997      0  3:43:12  0:05:25  3:37:47     0
  2 25.5M    2  635k    0     0   1991      0  3:43:52  0:05:27  3:38:25     0
  2 25.5M    2  635k    0     0   1985      0  3:44:33  0:05:28  3:39:05     0
  2 25.5M    2  635k    0     0   1979      0  3:45:13  0:05:29  3:39:44     0
  2 25.5M    2  635k    0     0   1973      0  3:45:55  0:05:30  3:40:25     0
  2 25.5M    2  635k    0     0   1967      0  3:46:36  0:05:31  3:41:05     0
  2 25.5M    2  635k    0     0   1961      0  3:47:18  0:05:32  3:41:46     0
  2 25.5M    2  635k    0     0   1955      0  3:47:59  0:05:33  3:42:26     0
  2 25.5M    2  635k    0     0   1949      0  3:48:41  0:05:34  3:43:07     0
  2 25.5M    2  635k    0     0   1943      0  3:49:24  0:05:35  3:43:49     0
  2 25.5M    2  635k    0     0   1937      0  3:50:07  0:05:36  3:44:31     0
  2 25.5M    2  635k    0     0   1931      0  3:50:49  0:05:37  3:45:12     0
  2 25.5M    2  635k    0     0   1926      0  3:51:25  0:05:38  3:45:47     0
  2 25.5M    2  635k    0     0   1920      0  3:52:09  0:05:39  3:46:30     0
  2 25.5M    2  635k    0     0   1914      0  3:52:52  0:05:40  3:47:12     0
  2 25.5M    2  635k    0     0   1909      0  3:53:29  0:05:41  3:47:48     0
  2 25.5M    2  635k    0     0   1903      0  3:54:13  0:05:42  3:48:31     0
  2 25.5M    2  635k    0     0   1897      0  3:54:58  0:05:43  3:49:15     0
  2 25.5M    2  635k    0     0   1892      0  3:55:35  0:05:44  3:49:51     0
  2 25.5M    2  635k    0     0   1886      0  3:56:20  0:05:45  3:50:35     0
  2 25.5M    2  635k    0     0   1881      0  3:56:58  0:05:46  3:51:12     0
  2 25.5M    2  635k    0     0   1875      0  3:57:43  0:05:47  3:51:56     0
  2 25.5M    2  635k    0     0   1870      0  3:58:21  0:05:48  3:52:33     0
  2 25.5M    2  635k    0     0   1865      0  3:59:00  0:05:49  3:53:11     0
  2 25.5M    2  635k    0     0   1859      0  3:59:46  0:05:50  3:53:56     0
  2 25.5M    2  635k    0     0   1854      0  4:00:25  0:05:51  3:54:34     0
  2 25.5M    2  635k    0     0   1849      0  4:01:04  0:05:52  3:55:12     0
  2 25.5M    2  635k    0     0   1843      0  4:01:51  0:05:53  3:55:58     0
  2 25.5M    2  635k    0     0   1838      0  4:02:30  0:05:54  3:56:36     0
  2 25.5M    2  635k    0     0   1833      0  4:03:10  0:05:55  3:57:15     0
  2 25.5M    2  635k    0     0   1828      0  4:03:50  0:05:56  3:57:54     0
  2 25.5M    2  635k    0     0   1822      0  4:04:38  0:05:57  3:58:41     0
  2 25.5M    2  635k    0     0   1817      0  4:05:18  0:05:58  3:59:20     0
  2 25.5M    2  635k    0     0   1812      0  4:05:59  0:05:59  4:00:00     0
  2 25.5M    2  635k    0     0   1807      0  4:06:40  0:06:00  4:00:40     0
  2 25.5M    2  635k    0     0   1802      0  4:07:21  0:06:01  4:01:20     0
  2 25.5M    2  635k    0     0   1797      0  4:08:02  0:06:02  4:02:00     0
  2 25.5M    2  635k    0     0   1792      0  4:08:44  0:06:03  4:02:41     0
  2 25.5M    2  635k    0     0   1787      0  4:09:25  0:06:04  4:03:21     0
  2 25.5M    2  635k    0     0   1782      0  4:10:07  0:06:05  4:04:02     0
  2 25.5M    2  635k    0     0   1777      0  4:10:50  0:06:06  4:04:44     0
  2 25.5M    2  635k    0     0   1772      0  4:11:32  0:06:07  4:05:25     0
  2 25.5M    2  635k    0     0   1768      0  4:12:06  0:06:08  4:05:58     0
  2 25.5M    2  635k    0     0   1763      0  4:12:49  0:06:09  4:06:40     0
  2 25.5M    2  635k    0     0   1758      0  4:13:32  0:06:10  4:07:22     0
  2 25.5M    2  635k    0     0   1753      0  4:14:16  0:06:11  4:08:05     0
  2 25.5M    2  635k    0     0   1748      0  4:14:59  0:06:12  4:08:47     0
  2 25.5M    2  635k    0     0   1744      0  4:15:34  0:06:13  4:09:21     0
  2 25.5M    2  635k    0     0   1739      0  4:16:19  0:06:14  4:10:05     0
  2 25.5M    2  635k    0     0   1734      0  4:17:03  0:06:15  4:10:48     0
  2 25.5M    2  635k    0     0   1730      0  4:17:39  0:06:16  4:11:23     0
  2 25.5M    2  635k    0     0   1725      0  4:18:23  0:06:17  4:12:06     0
  2 25.5M    2  635k    0     0   1720      0  4:19:08  0:06:18  4:12:50     0
  2 25.5M    2  635k    0     0   1716      0  4:19:45  0:06:19  4:13:26     0
  2 25.5M    2  635k    0     0   1711      0  4:20:30  0:06:20  4:14:10     0
  2 25.5M    2  635k    0     0   1707      0  4:21:07  0:06:21  4:14:46     0
  2 25.5M    2  635k    0     0   1702      0  4:21:53  0:06:22  4:15:31     0
  2 25.5M    2  635k    0     0   1698      0  4:22:30  0:06:23  4:16:07     0
  2 25.5M    2  635k    0     0   1693      0  4:23:16  0:06:24  4:16:52     0
  2 25.5M    2  635k    0     0   1689      0  4:23:54  0:06:25  4:17:29     0
  2 25.5M    2  635k    0     0   1684      0  4:24:41  0:06:26  4:18:15     0
  2 25.5M    2  635k    0     0   1680      0  4:25:19  0:06:27  4:18:52     0
  2 25.5M    2  635k    0     0   1676      0  4:25:57  0:06:28  4:19:29     0
  2 25.5M    2  635k    0     0   1671      0  4:26:44  0:06:29  4:20:15     0
  2 25.5M    2  635k    0     0   1667      0  4:27:23  0:06:30  4:20:53     0
  2 25.5M    2  635k    0     0   1663      0  4:28:01  0:06:31  4:21:30     0
  2 25.5M    2  635k    0     0   1658      0  4:28:50  0:06:32  4:22:18     0
  2 25.5M    2  635k    0     0   1654      0  4:29:29  0:06:33  4:22:56     0
  2 25.5M    2  635k    0     0   1650      0  4:30:08  0:06:34  4:23:34     0
  2 25.5M    2  635k    0     0   1646      0  4:30:47  0:06:35  4:24:12     0
  2 25.5M    2  635k    0     0   1642      0  4:31:27  0:06:36  4:24:51     0
  2 25.5M    2  635k    0     0   1637      0  4:32:17  0:06:37  4:25:40     0
  2 25.5M    2  635k    0     0   1633      0  4:32:57  0:06:38  4:26:19     0
  2 25.5M    2  635k    0     0   1629      0  4:33:37  0:06:39  4:26:58     0
  2 25.5M    2  635k    0     0   1625      0  4:34:17  0:06:40  4:27:37     0
  2 25.5M    2  635k    0     0   1621      0  4:34:58  0:06:41  4:28:17     0
  2 25.5M    2  635k    0     0   1617      0  4:35:39  0:06:42  4:28:57     0
  2 25.5M    2  635k    0     0   1613      0  4:36:20  0:06:43  4:29:37     0
  2 25.5M    2  635k    0     0   1609      0  4:37:01  0:06:44  4:30:17     0
  2 25.5M    2  635k    0     0   1605      0  4:37:43  0:06:45  4:30:58     0
  2 25.5M    2  635k    0     0   1601      0  4:38:24  0:06:46  4:31:38     0
  2 25.5M    2  635k    0     0   1597      0  4:39:06  0:06:47  4:32:19     0
  2 25.5M    2  635k    0     0   1593      0  4:39:48  0:06:48  4:33:00     0
  2 25.5M    2  635k    0     0   1589      0  4:40:30  0:06:49  4:33:41     0
  2 25.5M    2  635k    0     0   1585      0  4:41:13  0:06:50  4:34:23     0
  2 25.5M    2  635k    0     0   1581      0  4:41:55  0:06:51  4:35:04     0
  2 25.5M    2  635k    0     0   1577      0  4:42:38  0:06:52  4:35:46     0
  2 25.5M    2  635k    0     0   1574      0  4:43:11  0:06:53  4:36:18     0
  2 25.5M    2  635k    0     0   1570      0  4:43:54  0:06:54  4:37:00     0
  2 25.5M    2  635k    0     0   1566      0  4:44:38  0:06:55  4:37:43     0
  2 25.5M    2  635k    0     0   1562      0  4:45:21  0:06:56  4:38:25     0
  2 25.5M    2  635k    0     0   1558      0  4:46:05  0:06:57  4:39:08     0
  2 25.5M    2  635k    0     0   1555      0  4:46:38  0:06:58  4:39:40     0
  2 25.5M    2  635k    0     0   1551      0  4:47:23  0:06:59  4:40:24     0
  2 25.5M    2  635k    0     0   1547      0  4:48:07  0:07:00  4:41:07     0
  2 25.5M    2  635k    0     0   1543      0  4:48:52  0:07:01  4:41:51     0
  2 25.5M    2  635k    0     0   1540      0  4:49:26  0:07:02  4:42:24     0
  2 25.5M    2  635k    0     0   1536      0  4:50:11  0:07:03  4:43:08     0
  2 25.5M    2  635k    0     0   1532      0  4:50:57  0:07:04  4:43:53     0
  2 25.5M    2  635k    0     0   1529      0  4:51:31  0:07:05  4:44:26     0
  2 25.5M    2  635k    0     0   1525      0  4:52:17  0:07:06  4:45:11     0
  2 25.5M    2  635k    0     0   1522      0  4:52:51  0:07:07  4:45:44     0
  2 25.5M    2  635k    0     0   1518      0  4:53:38  0:07:08  4:46:30     0
  2 25.5M    2  635k    0     0   1514      0  4:54:24  0:07:09  4:47:15     0
  2 25.5M    2  635k    0     0   1511      0  4:54:59  0:07:10  4:47:49     0
  2 25.5M    2  635k    0     0   1507      0  4:55:46  0:07:11  4:48:35     0
  2 25.5M    2  635k    0     0   1504      0  4:56:22  0:07:12  4:49:10     0
  2 25.5M    2  635k    0     0   1500      0  4:57:09  0:07:13  4:49:56     0
  2 25.5M    2  635k    0     0   1497      0  4:57:45  0:07:14  4:50:31     0
  2 25.5M    2  635k    0     0   1493      0  4:58:33  0:07:15  4:51:18     0
  2 25.5M    2  635k    0     0   1490      0  4:59:09  0:07:16  4:51:53     0
  2 25.5M    2  635k    0     0   1487      0  4:59:45  0:07:17  4:52:28     0
  2 25.5M    2  635k    0     0   1483      0  5:00:33  0:07:18  4:53:15     0
  2 25.5M    2  635k    0     0   1480      0  5:01:10  0:07:19  4:53:51     0
  2 25.5M    2  635k    0     0   1476      0  5:01:59  0:07:20  4:54:39     0
  2 25.5M    2  635k    0     0   1473      0  5:02:36  0:07:21  4:55:15     0
  2 25.5M    2  635k    0     0   1470      0  5:03:13  0:07:22  4:55:51     0
  2 25.5M    2  635k    0     0   1466      0  5:04:02  0:07:23  4:56:39     0
  2 25.5M    2  635k    0     0   1463      0  5:04:40  0:07:24  4:57:16     0
  2 25.5M    2  635k    0     0   1460      0  5:05:17  0:07:26  4:57:51     0
  2 25.5M    2  635k    0     0   1456      0  5:06:08  0:07:27  4:58:41     0
  2 25.5M    2  635k    0     0   1453      0  5:06:46  0:07:28  4:59:18     0
  2 25.5M    2  635k    0     0   1450      0  5:07:24  0:07:29  4:59:55     0
  2 25.5M    2  635k    0     0   1447      0  5:08:02  0:07:30  5:00:32     0
  2 25.5M    2  635k    0     0   1443      0  5:08:53  0:07:31  5:01:22     0
  2 25.5M    2  635k    0     0   1440      0  5:09:32  0:07:32  5:02:00     0
  2 25.5M    2  635k    0     0   1437      0  5:10:11  0:07:33  5:02:38     0
  2 25.5M    2  635k    0     0   1434      0  5:10:50  0:07:34  5:03:16     0
  2 25.5M    2  635k    0     0   1431      0  5:11:29  0:07:35  5:03:54     0
  2 25.5M    2  635k    0     0   1427      0  5:12:21  0:07:36  5:04:45     0
  2 25.5M    2  635k    0     0   1424      0  5:13:01  0:07:37  5:05:24     0
  2 25.5M    2  635k    0     0   1421      0  5:13:40  0:07:38  5:06:02     0
  2 25.5M    2  635k    0     0   1418      0  5:14:20  0:07:39  5:06:41     0
  2 25.5M    2  635k    0     0   1415      0  5:15:00  0:07:40  5:07:20     0
  2 25.5M    2  635k    0     0   1412      0  5:15:40  0:07:41  5:07:59     0
  2 25.5M    2  635k    0     0   1409      0  5:16:20  0:07:42  5:08:38     0
  2 25.5M    2  635k    0     0   1406      0  5:17:01  0:07:43  5:09:18     0
  2 25.5M    2  635k    0     0   1403      0  5:17:42  0:07:44  5:09:58     0
  2 25.5M    2  635k    0     0   1400      0  5:18:22  0:07:45  5:10:37     0
  2 25.5M    2  635k    0     0   1397      0  5:19:04  0:07:46  5:11:18     0
  2 25.5M    2  635k    0     0   1394      0  5:19:45  0:07:47  5:11:58     0
  2 25.5M    2  635k    0     0   1391      0  5:20:26  0:07:48  5:12:38     0
  2 25.5M    2  635k    0     0   1388      0  5:21:08  0:07:49  5:13:19     0
  2 25.5M    2  635k    0     0   1385      0  5:21:49  0:07:50  5:13:59     0
  2 25.5M    2  635k    0     0   1382      0  5:22:31  0:07:51  5:14:40     0
  2 25.5M    2  635k    0     0   1379      0  5:23:13  0:07:52  5:15:21     0
  2 25.5M    2  635k    0     0   1376      0  5:23:56  0:07:53  5:16:03     0
  2 25.5M    2  635k    0     0   1373      0  5:24:38  0:07:54  5:16:44     0
  2 25.5M    2  635k    0     0   1370      0  5:25:21  0:07:55  5:17:26     0
  2 25.5M    2  635k    0     0   1367      0  5:26:04  0:07:56  5:18:08     0
  2 25.5M    2  635k    0     0   1364      0  5:26:47  0:07:57  5:18:50     0
  2 25.5M    2  635k    0     0   1361      0  5:27:30  0:07:58  5:19:32     0
  2 25.5M    2  635k    0     0   1358      0  5:28:13  0:07:59  5:20:14     0
  2 25.5M    2  635k    0     0   1356      0  5:28:42  0:08:00  5:20:42     0
  2 25.5M    2  635k    0     0   1353      0  5:29:26  0:08:01  5:21:25     0
  2 25.5M    2  635k    0     0   1350      0  5:30:10  0:08:02  5:22:08     0
  2 25.5M    2  635k    0     0   1347      0  5:30:54  0:08:03  5:22:51     0
  2 25.5M    2  635k    0     0   1344      0  5:31:38  0:08:04  5:23:34     0
  2 25.5M    2  635k    0     0   1341      0  5:32:23  0:08:05  5:24:18     0
  2 25.5M    2  635k    0     0   1339      0  5:32:53  0:08:06  5:24:47     0
  2 25.5M    2  635k    0     0   1336      0  5:33:38  0:08:07  5:25:31     0
  2 25.5M    2  635k    0     0   1333      0  5:34:23  0:08:08  5:26:15     0
  2 25.5M    2  635k    0     0   1330      0  5:35:08  0:08:09  5:26:59     0
  2 25.5M    2  635k    0     0   1328      0  5:35:38  0:08:10  5:27:28     0
  2 25.5M    2  635k    0     0   1325      0  5:36:24  0:08:11  5:28:13     0
  2 25.5M    2  635k    0     0   1322      0  5:37:10  0:08:12  5:28:58     0
  2 25.5M    2  635k    0     0   1320      0  5:37:40  0:08:13  5:29:27     0
  2 25.5M    2  635k    0     0   1317      0  5:38:26  0:08:14  5:30:12     0
  2 25.5M    2  635k    0     0   1314      0  5:39:13  0:08:15  5:30:58     0
  2 25.5M    2  635k    0     0   1312      0  5:39:44  0:08:16  5:31:28     0
  2 25.5M    2  635k    0     0   1309      0  5:40:30  0:08:17  5:32:13     0
  2 25.5M    2  635k    0     0   1306      0  5:41:17  0:08:18  5:32:59     0
  2 25.5M    2  635k    0     0   1304      0  5:41:49  0:08:19  5:33:30     0
  2 25.5M    2  635k    0     0   1301      0  5:42:36  0:08:20  5:34:16     0
  2 25.5M    2  635k    0     0   1298      0  5:43:24  0:08:21  5:35:03     0
  2 25.5M    2  635k    0     0   1296      0  5:43:55  0:08:22  5:35:33     0
  2 25.5M    2  635k    0     0   1293      0  5:44:43  0:08:23  5:36:20     0
  2 25.5M    2  635k    0     0   1291      0  5:45:15  0:08:24  5:36:51     0
  2 25.5M    2  635k    0     0   1288      0  5:46:04  0:08:25  5:37:39     0
  2 25.5M    2  635k    0     0   1285      0  5:46:52  0:08:26  5:38:26     0
  2 25.5M    2  635k    0     0   1283      0  5:47:25  0:08:27  5:38:58     0
  2 25.5M    2  635k    0     0   1280      0  5:48:13  0:08:28  5:39:45     0
  2 25.5M    2  642k    0     0   1292      0  5:44:59  0:08:29  5:36:30  1407
  2 25.5M    2  645k    0     0   1295      0  5:44:11  0:08:30  5:35:41  2095
  2 25.5M    2  649k    0     0   1300      0  5:42:52  0:08:31  5:34:21  2776
  2 25.5M    2  653k    0     0   1306      0  5:41:17  0:08:32  5:32:45  3796
  2 25.5M    2  654k    0     0   1305      0  5:41:33  0:08:33  5:33:00  3637
  2 25.5M    2  662k    0     0   1320      0  5:37:40  0:08:34  5:29:06  4368
  2 25.5M    2  681k    0     0   1354      0  5:29:11  0:08:35  5:20:36  7310
  2 25.5M    2  694k    0     0   1377      0  5:23:42  0:08:36  5:15:06  9617
  2 25.5M    2  702k    0     0   1391      0  5:20:26  0:08:37  5:11:49 10331
  2 25.5M    2  712k    0     0   1407      0  5:16:47  0:08:38  5:08:09 13325
  2 25.5M    2  720k    0     0   1419      0  5:14:07  0:08:39  5:05:28 10663
  2 25.5M    2  725k    0     0   1427      0  5:12:21  0:08:40  5:03:41  8848
  2 25.5M    2  733k    0     0   1441      0  5:09:19  0:08:41  5:00:38  8091
  2 25.5M    2  740k    0     0   1450      0  5:07:24  0:08:42  4:58:42  7333
  2 25.5M    2  746k    0     0   1460      0  5:05:17  0:08:43  4:56:34  6704
  2 25.5M    2  750k    0     0   1465      0  5:04:15  0:08:44  4:55:31  6438
  2 25.5M    2  752k    0     0   1466      0  5:04:02  0:08:45  4:55:17  5627
  2 25.5M    2  759k    0     0   1479      0  5:01:22  0:08:46  4:52:36  5562
  2 25.5M    2  761k    0     0   1478      0  5:01:34  0:08:47  4:52:47  4468
  2 25.5M    2  761k    0     0   1476      0  5:01:59  0:08:48  4:53:11  3182
  2 25.5M    2  770k    0     0   1491      0  4:58:57  0:08:49  4:50:08  4384
  2 25.5M    2  776k    0     0   1499      0  4:57:21  0:08:50  4:48:31  4919
  2 25.5M    2  778k    0     0   1501      0  4:56:57  0:08:51  4:48:06  3744
  3 25.5M    3  794k    0     0   1528      0  4:51:42  0:08:52  4:42:50  6281
  3 25.5M    3  798k    0     0   1534      0  4:50:34  0:08:53  4:41:41  7824
  3 25.5M    3  806k    0     0   1546      0  4:48:18  0:08:54  4:39:24  7222
  3 25.5M    3  808k    0     0   1546      0  4:48:18  0:08:55  4:39:23  6554
  3 25.5M    3  814k    0     0   1555      0  4:46:38  0:08:56  4:37:42  7060
  3 25.5M    3  814k    0     0   1552      0  4:47:12  0:08:57  4:38:15  4265
  3 25.5M    3  814k    0     0   1549      0  4:47:45  0:08:58  4:38:47  3060
  3 25.5M    3  814k    0     0   1546      0  4:48:18  0:08:59  4:39:19  1583
  3 25.5M    3  836k    0     0   1582      0  4:41:45  0:09:01  4:32:44  4817
  3 25.5M    3  836k    0     0   1579      0  4:42:17  0:09:02  4:33:15  3883
  3 25.5M    3  840k    0     0   1583      0  4:41:34  0:09:03  4:32:31  4411
  3 25.5M    3  846k    0     0   1594      0  4:39:38  0:09:03  4:30:35  6239
curl: (92) HTTP/2 stream 1 was not closed cleanly: PROTOCOL_ERROR (err 1)
Warning: Problem (retrying all errors). Will retry in 2 seconds. 2 retries
Warning: left.

  0     0    0     0    0     0      0      0 --:--:-- --:--:-- --:--:--     0
  0     0    0     0    0     0      0      0 --:--:-- --:--:-- --:--:--     0
  0     0    0     0    0     0      0      0 --:--:--  0:00:01 --:--:--     0
  0     0    0     0    0     0      0      0 --:--:--  0:00:02 --:--:--     0

  0 25.5M    0  2723    0     0    819      0  9:04:14  0:00:03  9:04:11   819
  0 25.5M    0  8187    0     0   1968      0  3:46:29  0:00:04  3:46:25  6535
  0 25.5M    0  8187    0     0   1585      0  4:41:13  0:00:05  4:41:08  2966
  0 25.5M    0 27276    0     0   4536      0  1:38:15  0:00:06  1:38:09  9127
  0 25.5M    0 32722    0     0   4929      0  1:30:25  0:00:06  1:30:19  9049
  0 25.5M    0 34079    0     0   4418      0  1:40:53  0:00:07  1:40:46  7142
  0 25.5M    0 34079    0     0   3911      0  1:53:58  0:00:08  1:53:50  5683
  0 25.5M    0 34079    0     0   3507      0  2:07:05  0:00:09  2:06:56  5686
  0 25.5M    0 35445    0     0   3402      0  2:11:01  0:00:10  2:10:51  1854
  0 25.5M    0 42257    0     0   3701      0  2:00:26  0:00:11  2:00:15  1995
  0 25.5M    0 42257    0     0   3400      0  2:11:05  0:00:12  2:10:53  1734
  0 25.5M    0 42257    0     0   3145      0  2:21:43  0:00:13  2:21:30  1731
  0 25.5M    0 66773    0     0   4375      0  1:41:52  0:00:15  1:41:37  5898
  0 25.5M    0 70862    0     0   4538      0  1:38:13  0:00:15  1:37:58  6816
  0 25.5M    0 87366    0     0   5136      0  1:26:47  0:00:17  1:26:30  8066
  0 25.5M    0 90089    0     0   5109      0  1:27:14  0:00:17  1:26:57  9189
  0 25.5M    0 91446    0     0   4984      0  1:29:26  0:00:18  1:29:08 10018
  0 25.5M    0 96892    0     0   4906      0  1:30:51  0:00:19  1:30:32  6715
  0 25.5M    0 99615    0     0   4759      0  1:33:39  0:00:20  1:33:19  5408
  0 25.5M    0 99615    0     0   4540      0  1:38:10  0:00:21  1:37:49  2483
  0 25.5M    0   98k    0     0   4484      0  1:39:24  0:00:22  1:39:02  2229
  0 25.5M    0  103k    0     0   4548      0  1:38:00  0:00:23  1:37:37  2965
  0 25.5M    0  105k    0     0   4270      0  1:44:23  0:00:25  1:43:58  1982
  0 25.5M    0  105k    0     0   4107      0  1:48:31  0:00:26  1:48:05  1537
  0 25.5M    0  105k    0     0   3954      0  1:52:43  0:00:27  1:52:16  1537
  0 25.5M    0  105k    0     0   3813      0  1:56:53  0:00:28  1:56:25  1183
  0 25.5M    0  105k    0     0   3682      0  2:01:03  0:00:29  2:00:34   230
  0 25.5M    0  105k    0     0   3559      0  2:05:14  0:00:30  2:04:44     0
  0 25.5M    0  105k    0     0   3445      0  2:09:23  0:00:31  2:08:52     0
  0 25.5M    0  105k    0     0   3367      0  2:12:23  0:00:32  2:11:51     0
  0 25.5M    0  105k    0     0   3264      0  2:16:33  0:00:33  2:16:00     0
  0 25.5M    0  105k    0     0   3167      0  2:20:44  0:00:34  2:20:10     0
  0 25.5M    0  105k    0     0   3077      0  2:24:51  0:00:35  2:24:16     0
  0 25.5M    0  105k    0     0   2991      0  2:29:01  0:00:36  2:28:25     0
  0 25.5M    0  107k    0     0   3028      0  2:27:12  0:00:36  2:26:36   607
  0 25.5M    0  107k    0     0   2946      0  2:31:18  0:00:37  2:30:41   606
  0 25.5M    0  107k    0     0   2869      0  2:35:21  0:00:38  2:34:43   606
  0 25.5M    0  107k    0     0   2796      0  2:39:25  0:00:39  2:38:46   607
  0 25.5M    0  107k    0     0   2727      0  2:43:27  0:00:40  2:42:47   606
  0 25.5M    0  107k    0     0   2660      0  2:47:34  0:00:41  2:46:53     0
  0 25.5M    0  107k    0     0   2597      0  2:51:38  0:00:42  2:50:56     0
  0 25.5M    0  107k    0     0   2537      0  2:55:41  0:00:43  2:54:58     0
  0 25.5M    0  107k    0     0   2480      0  2:59:43  0:00:44  2:58:59     0
  0 25.5M    0  107k    0     0   2426      0  3:03:43  0:00:45  3:02:58     0
  0 25.5M    0  107k    0     0   2373      0  3:07:50  0:00:46  3:07:04     0
  0 25.5M    0  107k    0     0   2323      0  3:11:52  0:00:47  3:11:05     0
  0 25.5M    0  107k    0     0   2275      0  3:15:55  0:00:48  3:15:07     0
  0 25.5M    0  107k    0     0   2228      0  3:20:03  0:00:49  3:19:14     0
  0 25.5M    0  109k    0     0   2205      0  3:22:08  0:00:50  3:21:18   263
  0 25.5M    0  109k    0     0   2162      0  3:26:10  0:00:51  3:25:19   263
  0 25.5M    0  109k    0     0   2120      0  3:30:15  0:00:52  3:29:23   263
  0 25.5M    0  109k    0     0   2081      0  3:34:11  0:00:53  3:33:18   263
  0 25.5M    0  109k    0     0   2043      0  3:38:10  0:00:54  3:37:16   264
  0 25.5M    0  109k    0     0   2006      0  3:42:12  0:00:55  3:41:17     0
  0 25.5M    0  109k    0     0   1970      0  3:46:15  0:00:56  3:45:19     0
  0 25.5M    0  109k    0     0   1936      0  3:50:14  0:00:57  3:49:17     0
  0 25.5M    0  109k    0     0   1903      0  3:54:13  0:00:58  3:53:15     0
  0 25.5M    0  109k    0     0   1871      0  3:58:14  0:00:59  3:57:15     0
  0 25.5M    0  109k    0     0   1840      0  4:02:14  0:01:00  4:01:14     0
  0 25.5M    0  109k    0     0   1810      0  4:06:15  0:01:01  4:05:14     0
  0 25.5M    0  109k    0     0   1781      0  4:10:16  0:01:02  4:09:14     0
  0 25.5M    0  109k    0     0   1752      0  4:14:24  0:01:03  4:13:21     0
  0 25.5M    0  109k    0     0   1725      0  4:18:23  0:01:04  4:17:19     0
  0 25.5M    0  109k    0     0   1699      0  4:22:21  0:01:05  4:21:16     0
  0 25.5M    0  109k    0     0   1673      0  4:26:25  0:01:06  4:25:19     0
  0 25.5M    0  109k    0     0   1648      0  4:30:28  0:01:07  4:29:21     0
  0 25.5M    0  109k    0     0   1624      0  4:34:28  0:01:08  4:33:20     0
  0 25.5M    0  109k    0     0   1600      0  4:38:35  0:01:09  4:37:26     0
  0 25.5M    0  109k    0     0   1578      0  4:42:28  0:01:10  4:41:18     0
  0 25.5M    0  109k    0     0   1556      0  4:46:27  0:01:11  4:45:16     0
  0 25.5M    0  109k    0     0   1534      0  4:50:34  0:01:12  4:49:22     0
  0 25.5M    0  109k    0     0   1513      0  4:54:36  0:01:13  4:53:23     0
  0 25.5M    0  109k    0     0   1493      0  4:58:33  0:01:14  4:57:19     0
  0 25.5M    0  109k    0     0   1473      0  5:02:36  0:01:15  5:01:21     0
  0 25.5M    0  109k    0     0   1454      0  5:06:33  0:01:16  5:05:17     0
  0 25.5M    0  109k    0     0   1435      0  5:10:37  0:01:17  5:09:20     0
  0 25.5M    0  109k    0     0   1416      0  5:14:47  0:01:18  5:13:29     0
  0 25.5M    0  109k    0     0   1399      0  5:18:36  0:01:19  5:17:17     0
  0 25.5M    0  109k    0     0   1381      0  5:22:45  0:01:20  5:21:25     0
  0 25.5M    0  109k    0     0   1364      0  5:26:47  0:01:21  5:25:26     0
  0 25.5M    0  109k    0     0   1348      0  5:30:39  0:01:22  5:29:17     0
  0 25.5M    0  109k    0     0   1332      0  5:34:38  0:01:23  5:33:15     0
  0 25.5M    0  109k    0     0   1316      0  5:38:42  0:01:24  5:37:18     0
  0 25.5M    0  109k    0     0   1301      0  5:42:36  0:01:25  5:41:11     0
  0 25.5M    0  109k    0     0   1285      0  5:46:52  0:01:26  5:45:26     0
  0 25.5M    0  109k    0     0   1271      0  5:50:41  0:01:28  5:49:13     0
  0 25.5M    0  109k    0     0   1256      0  5:54:53  0:01:29  5:53:24     0
  0 25.5M    0  109k    0     0   1242      0  5:58:53  0:01:30  5:57:23     0
  0 25.5M    0  109k    0     0   1229      0  6:02:40  0:01:31  6:01:09     0
  0 25.5M    0  109k    0     0   1215      0  6:06:51  0:01:32  6:05:19     0
  0 25.5M    0  109k    0     0   1202      0  6:10:49  0:01:33  6:09:16     0
  0 25.5M    0  109k    0     0   1189      0  6:14:52  0:01:34  6:13:18     0
  0 25.5M    0  109k    0     0   1176      0  6:19:01  0:01:35  6:17:26     0
  0 25.5M    0  109k    0     0   1164      0  6:22:56  0:01:36  6:21:20     0
  0 25.5M    0  109k    0     0   1152      0  6:26:55  0:01:37  6:25:18     0
  0 25.5M    0  109k    0     0   1140      0  6:30:59  0:01:38  6:29:21     0
  0 25.5M    0  109k    0     0   1128      0  6:35:09  0:01:39  6:33:30     0
  0 25.5M    0  109k    0     0   1117      0  6:39:02  0:01:40  6:37:22     0
  0 25.5M    0  109k    0     0   1106      0  6:43:00  0:01:41  6:41:19     0
  0 25.5M    0  109k    0     0   1095      0  6:47:03  0:01:42  6:45:21     0
  0 25.5M    0  109k    0     0   1084      0  6:51:11  0:01:43  6:49:28     0
  0 25.5M    0  109k    0     0   1074      0  6:55:01  0:01:44  6:53:17     0
  0 25.5M    0  109k    0     0   1064      0  6:58:55  0:01:45  6:57:10     0
  0 25.5M    0  109k    0     0   1054      0  7:02:53  0:01:46  7:01:07     0
  0 25.5M    0  109k    0     0   1044      0  7:06:57  0:01:47  7:05:10     0
  0 25.5M    0  109k    0     0   1034      0  7:11:04  0:01:48  7:09:16     0
  0 25.5M    0  109k    0     0   1024      0  7:15:17  0:01:49  7:13:28     0
  0 25.5M    0  109k    0     0   1015      0  7:19:08  0:01:50  7:17:18     0
  0 25.5M    0  109k    0     0   1006      0  7:23:04  0:01:51  7:21:13     0
  0 25.5M    0  109k    0     0    997      0  7:27:04  0:01:52  7:25:12     0
  0 25.5M    0  109k    0     0    988      0  7:31:09  0:01:53  7:29:16     0
  0 25.5M    0  109k    0     0    979      0  7:35:17  0:01:54  7:33:23     0
  0 25.5M    0  109k    0     0    970      0  7:39:31  0:01:55  7:37:36     0
  0 25.5M    0  109k    0     0    962      0  7:43:20  0:01:56  7:41:24     0
  0 25.5M    0  109k    0     0    954      0  7:47:13  0:01:57  7:45:16     0
  0 25.5M    0  109k    0     0    946      0  7:51:10  0:01:58  7:49:12     0
  0 25.5M    0  109k    0     0    938      0  7:55:11  0:01:59  7:53:12     0
  0 25.5M    0  109k    0     0    930      0  7:59:17  0:02:00  7:57:17     0
  0 25.5M    0  114k    0     0    967      0  7:40:56  0:02:01  7:38:55  1091
  0 25.5M    0  115k    0     0    975      0  7:37:09  0:02:01  7:35:08  1537
  0 25.5M    0  118k    0     0    991      0  7:29:47  0:02:02  7:27:45  2250
  0 25.5M    0  122k    0     0   1015      0  7:19:08  0:02:03  7:17:05  3193
  0 25.5M    0  123k    0     0   1017      0  7:18:17  0:02:04  7:16:13  3366
  0 25.5M    0  130k    0     0   1066      0  6:58:08  0:02:05  6:56:03  3965
  0 25.5M    0  150k    0     0   1218      0  6:05:57  0:02:06  6:03:51  7164
  0 25.5M    0  151k    0     0   1218      0  6:05:57  0:02:07  6:03:50  6580
  0 25.5M    0  169k    0     0   1340      0  5:32:38  0:02:09  5:30:29  8305
  0 25.5M    0  173k    0     0   1370      0  5:25:21  0:02:09  5:23:12 10685
  0 25.5M    0  179k    0     0   1410      0  5:16:07  0:02:10  5:13:57  9573
  0 25.5M    0  183k    0     0   1426      0  5:12:34  0:02:12  5:10:22  6309
  0 25.5M    0  183k    0     0   1415      0  5:15:00  0:02:13  5:12:47  6108
  0 25.5M    0  194k    0     0   1491      0  4:58:57  0:02:13  4:56:44  6011
  0 25.5M    0  199k    0     0   1520      0  4:53:14  0:02:14  4:51:00  5323
  0 25.5M    0  199k    0     0   1509      0  4:55:23  0:02:15  4:53:08  4137
  0 25.5M    0  206k    0     0   1550      0  4:47:34  0:02:16  4:45:18  5356
  0 25.5M    0  217k    0     0   1612      0  4:36:30  0:02:17  4:34:13  6906
  0 25.5M    0  217k    0     0   1600      0  4:38:35  0:02:18  4:36:17  4309
  0 25.5M    0  221k    0     0   1625      0  4:34:17  0:02:19  4:31:58  4551
  0 25.5M    0  235k    0     0   1721      0  4:18:59  0:02:20  4:16:39  7705
  0 25.5M    0  243k    0     0   1765      0  4:12:32  0:02:21  4:10:11  7523
  0 25.5M    0  245k    0     0   1762      0  4:12:58  0:02:22  4:10:36  6373
  0 25.5M    0  257k    0     0   1835      0  4:02:54  0:02:23  4:00:31  9131
  1 25.5M    1  269k    0     0   1904      0  3:54:06  0:02:24  3:51:42  9156
  1 25.5M    1  273k    0     0   1924      0  3:51:40  0:02:25  3:49:15  7504
  1 25.5M    1  285k    0     0   1992      0  3:43:45  0:02:26  3:41:19  8244
  1 25.5M    1  290k    0     0   2013      0  3:41:25  0:02:27  3:38:58  8670
  1 25.5M    1  293k    0     0   2020      0  3:40:39  0:02:28  3:38:11  7154
  1 25.5M    1  299k    0     0   2054      0  3:37:00  0:02:29  3:34:31  6666
  1 25.5M    1  302k    0     0   2056      0  3:36:47  0:02:30  3:34:17  5743
  1 25.5M    1  307k    0     0   2078      0  3:34:30  0:02:31  3:31:59  4546
  1 25.5M    1  313k    0     0   2104      0  3:31:51  0:02:32  3:29:19  5077
  1 25.5M    1  318k    0     0   2118      0  3:30:27  0:02:33  3:27:54  4877
  1 25.5M    1  322k    0     0   2139      0  3:28:23  0:02:34  3:25:49  4718
  1 25.5M    1  333k    0     0   2196      0  3:22:58  0:02:35  3:20:23  6705
  1 25.5M    1  347k    0     0   2271      0  3:16:16  0:02:36  3:13:40  7902
  1 25.5M    1  359k    0     0   2339      0  3:10:34  0:02:37  3:07:57  9266
  1 25.5M    1  370k    0     0   2394      0  3:06:11  0:02:38  3:03:33 11748
  1 25.5M    1  375k    0     0   2413      0  3:04:43  0:02:39  3:02:04 10619
  1 25.5M    1  390k    0     0   2494      0  2:58:43  0:02:40  2:56:03 11759
  1 25.5M    1  411k    0     0   2613      0  2:50:35  0:02:41  2:47:54 14476
  1 25.5M    1  422k    0     0   2655      0  2:47:53  0:02:42  2:45:11 11897
  1 25.5M    1  445k    0     0   2790      0  2:39:45  0:02:43  2:37:02 15574
  1 25.5M    1  461k    0     0   2868      0  2:35:25  0:02:44  2:32:41 17150
  1 25.5M    1  479k    0     0   2970      0  2:30:04  0:02:45  2:27:19 17975
  1 25.5M    1  489k    0     0   3004      0  2:28:22  0:02:46  2:25:36 14723
  1 25.5M    1  493k    0     0   3016      0  2:27:47  0:02:47  2:25:00 16122
  1 25.5M    1  495k    0     0   3014      0  2:27:53  0:02:48  2:25:05 10170
  1 25.5M    1  511k    0     0   3092      0  2:24:09  0:02:49  2:21:20 10567
  1 25.5M    1  521k    0     0   3127      0  2:22:32  0:02:50  2:19:42  8096
  2 25.5M    2  533k    0     0   3179      0  2:20:12  0:02:51  2:17:21  9070
  2 25.5M    2  537k    0     0   3179      0  2:20:12  0:02:53  2:17:19  8019
  2 25.5M    2  543k    0     0   3213      0  2:18:43  0:02:53  2:15:50 10115
  2 25.5M    2  554k    0     0   3257      0  2:16:51  0:02:54  2:13:57  9058
  2 25.5M    2  565k    0     0   3301      0  2:15:01  0:02:55  2:12:06  9624
  2 25.5M    2  575k    0     0   3334      0  2:13:41  0:02:56  2:10:45  8521
  2 25.5M    2  582k    0     0   3351      0  2:13:00  0:02:57  2:10:03  9419
  2 25.5M    2  586k    0     0   3361      0  2:12:37  0:02:58  2:09:39  8216
  2 25.5M    2  586k    0     0   3342      0  2:13:22  0:02:59  2:10:23  6154
  2 25.5M    2  586k    0     0   3324      0  2:14:05  0:03:00  2:11:05  4089
  2 25.5M    2  586k    0     0   3305      0  2:14:52  0:03:01  2:11:51  2264
  2 25.5M    2  586k    0     0   3287      0  2:15:36  0:03:02  2:12:34   868
  2 25.5M    2  586k    0     0   3269      0  2:16:21  0:03:03  2:13:18     0
  2 25.5M    2  586k    0     0   3251      0  2:17:06  0:03:04  2:14:02     0
  2 25.5M    2  586k    0     0   3234      0  2:17:49  0:03:05  2:14:44     0
  2 25.5M    2  586k    0     0   3216      0  2:18:35  0:03:06  2:15:29     0
  2 25.5M    2  587k    0     0   3210      0  2:18:51  0:03:07  2:15:44   282
  2 25.5M    2  590k    0     0   3209      0  2:18:54  0:03:08  2:15:46   870
  2 25.5M    2  595k    0     0   3221      0  2:18:23  0:03:09  2:15:14  2056
  2 25.5M    2  595k    0     0   3204      0  2:19:07  0:03:10  2:15:57  2055
  2 25.5M    2  610k    0     0   3267      0  2:16:26  0:03:11  2:13:15  5317
  2 25.5M    2  618k    0     0   3292      0  2:15:23  0:03:12  2:12:11  6432
  2 25.5M    2  629k    0     0   3330      0  2:13:51  0:03:13  2:10:38  7755
  2 25.5M    2  630k    0     0   3319      0  2:14:17  0:03:14  2:11:03  6944
  2 25.5M    2  630k    0     0   3302      0  2:14:59  0:03:15  2:11:44  6948
  2 25.5M    2  635k    0     0   3315      0  2:14:27  0:03:16  2:11:11  5124
  2 25.5M    2  642k    0     0   3330      0  2:13:51  0:03:17  2:10:34  4725
  2 25.5M    2  654k    0     0   3377      0  2:11:59  0:03:18  2:08:41  5221
  2 25.5M    2  656k    0     0   3365      0  2:12:27  0:03:19  2:09:08  5153
  2 25.5M    2  663k    0     0   3390      0  2:11:29  0:03:20  2:08:09  6802
  2 25.5M    2  674k    0     0   3429      0  2:09:59  0:03:21  2:06:38  7886
  2 25.5M    2  681k    0     0   3444      0  2:09:25  0:03:22  2:06:03  8046
  2 25.5M    2  697k    0     0   3505      0  2:07:10  0:03:23  2:03:47  8350
  2 25.5M    2  706k    0     0   3534      0  2:06:07  0:03:24  2:02:43 10065
  2 25.5M    2  713k    0     0   3552      0  2:05:29  0:03:25  2:02:04 10069
  2 25.5M    2  722k    0     0   3586      0  2:04:17  0:03:26  2:00:51 10007
  2 25.5M    2  743k    0     0   3672      0  2:01:23  0:03:27  1:57:56 13055
  2 25.5M    2  751k    0     0   3694      0  2:00:39  0:03:28  1:57:11 11875
  2 25.5M    2  779k    0     0   3804      0  1:57:10  0:03:29  1:53:41 14473
  3 25.5M    3  785k    0     0   3822      0  1:56:37  0:03:30  1:53:07 15287
  3 25.5M    3  793k    0     0   3834      0  1:56:15  0:03:31  1:52:44 13095
  3 25.5M    3  793k    0     0   3815      0  1:56:50  0:03:32  1:53:18  9254
  3 25.5M    3  798k    0     0   3830      0  1:56:22  0:03:33  1:52:49  9360
  3 25.5M    3  799k    0     0   3815      0  1:56:50  0:03:34  1:53:16  4303
  3 25.5M    3  805k    0     0   3815      0  1:56:50  0:03:36  1:53:14  3568
  3 25.5M    3  805k    0     0   3797      0  1:57:23  0:03:37  1:53:46  2337
  3 25.5M    3  807k    0     0   3805      0  1:57:08  0:03:37  1:53:31  3308
  3 25.5M    3  809k    0     0   3787      0  1:57:42  0:03:38  1:54:04  2072
  3 25.5M    3  809k    0     0   3770      0  1:58:13  0:03:39  1:54:34  1870
  3 25.5M    3  809k    0     0   3753      0  1:58:46  0:03:40  1:55:06   874
  3 25.5M    3  809k    0     0   3736      0  1:59:18  0:03:41  1:55:37   876
  3 25.5M    3  809k    0     0   3719      0  1:59:51  0:03:42  1:56:09   253
  3 25.5M    3  810k    0     0   3709      0  2:00:10  0:03:43  1:56:27   273
  3 25.5M    3  814k    0     0   3712      0  2:00:04  0:03:44  1:56:20  1110
  3 25.5M    3  815k    0     0   3705      0  2:00:18  0:03:45  1:56:33  1460
  3 25.5M    3  815k    0     0   3689      0  2:00:49  0:03:46  1:57:03  1458
  3 25.5M    3  818k    0     0   3676      0  2:01:15  0:03:48  1:57:27  1826
  3 25.5M    3  821k    0     0   3675      0  2:01:17  0:03:48  1:57:29  2148
  3 25.5M    3  821k    0     0   3659      0  2:01:49  0:03:49  1:58:00  1326
  3 25.5M    3  821k    0     0   3643      0  2:02:21  0:03:50  1:58:31  1013
  3 25.5M    3  821k    0     0   3627      0  2:02:53  0:03:51  1:59:02  1013
  3 25.5M    3  821k    0     0   3611      0  2:03:26  0:03:52  1:59:34   563
  3 25.5M    3  821k    0     0   3596      0  2:03:57  0:03:53  2:00:04     0
  3 25.5M    3  821k    0     0   3580      0  2:04:30  0:03:54  2:00:36     0
  3 25.5M    3  821k    0     0   3565      0  2:05:01  0:03:55  2:01:06     0
  3 25.5M    3  821k    0     0   3550      0  2:05:33  0:03:56  2:01:37     0
  3 25.5M    3  823k    0     0   3551      0  2:05:31  0:03:57  2:01:34   575
  3 25.5M    3  829k    0     0   3561      0  2:05:10  0:03:58  2:01:12  1779
  3 25.5M    3  839k    0     0   3592      0  2:04:05  0:03:59  2:00:06  4183
  3 25.5M    3  848k    0     0   3612      0  2:03:24  0:04:00  1:59:24  6119
  3 25.5M    3  848k    0     0   3597      0  2:03:55  0:04:01  1:59:54  6115
  3 25.5M    3  870k    0     0   3672      0  2:01:23  0:04:02  1:57:21  9256
  3 25.5M    3  871k    0     0   3667      0  2:01:33  0:04:03  1:57:30  8694
  3 25.5M    3  871k    0     0   3652      0  2:02:03  0:04:04  1:57:59  6487
  3 25.5M    3  871k    0     0   3637      0  2:02:33  0:04:05  1:58:28  4771
  3 25.5M    3  871k    0     0   3622      0  2:03:03  0:04:06  1:58:57  4774
  3 25.5M    3  897k    0     0   3704      0  2:00:20  0:04:08  1:56:12  5177
  3 25.5M    3  898k    0     0   3697      0  2:00:34  0:04:08  1:56:26  5045
  3 25.5M    3  909k    0     0   3727      0  1:59:35  0:04:09  1:55:26  7184
  3 25.5M    3  909k    0     0   3712      0  2:00:04  0:04:10  1:55:54  7173
  3 25.5M    3  909k    0     0   3697      0  2:00:34  0:04:11  1:56:23  7172
  3 25.5M    3  909k    0     0   3682      0  2:01:03  0:04:12  1:56:51  2542
  3 25.5M    3  909k    0     0   3667      0  2:01:33  0:04:13  1:57:20  2197
  3 25.5M    3  914k    0     0   3676      0  2:01:15  0:04:14  1:57:01  1126
  3 25.5M    3  917k    0     0   3676      0  2:01:15  0:04:15  1:57:00  1767
  3 25.5M    3  917k    0     0   3661      0  2:01:45  0:04:16  1:57:29  1766
  3 25.5M    3  917k    0     0   3647      0  2:02:13  0:04:17  1:57:56  1767
  3 25.5M    3  917k    0     0   3633      0  2:02:41  0:04:18  1:58:23  1769
  3 25.5M    3  922k    0     0   3632      0  2:02:43  0:04:20  1:58:23  1538
  3 25.5M    3  922k    0     0   3618      0  2:03:11  0:04:21  1:58:50   978
  3 25.5M    3  922k    0     0   3604      0  2:03:40  0:04:22  1:59:18   978
  3 25.5M    3  922k    0     0   3591      0  2:04:07  0:04:23  1:59:44   978
  3 25.5M    3  922k    0     0   3577      0  2:04:36  0:04:24  2:00:12   978
  3 25.5M    3  923k    0     0   3569      0  2:04:53  0:04:25  2:00:28   271
  3 25.5M    3  926k    0     0   3574      0  2:04:42  0:04:25  2:00:17   927
  3 25.5M    3  926k    0     0   3560      0  2:05:12  0:04:26  2:00:46   927
  3 25.5M    3  926k    0     0   3547      0  2:05:39  0:04:27  2:01:12   927
  3 25.5M    3  930k    0     0   3547      0  2:05:39  0:04:28  2:01:11  1795
  3 25.5M    3  933k    0     0   3546      0  2:05:42  0:04:29  2:01:13  2166
  3 25.5M    3  937k    0     0   3549      0  2:05:35  0:04:30  2:01:05  2206
  3 25.5M    3  939k    0     0   3539      0  2:05:56  0:04:31  2:01:25  2514
  3 25.5M    3  950k    0     0   3569      0  2:04:53  0:04:32  2:00:21  4725
  3 25.5M    3  953k    0     0   3562      0  2:05:08  0:04:34  2:00:34  4303
  3 25.5M    3  953k    0     0   3548      0  2:05:37  0:04:35  2:01:02  3684
  3 25.5M    3  976k    0     0   3629      0  2:02:49  0:04:35  1:58:14  8051
  3 25.5M    3  981k    0     0   3623      0  2:03:01  0:04:37  1:58:24  7792
  3 25.5M    3  995k    0     0   3662      0  2:01:43  0:04:38  1:57:05  8081
  3 25.5M    3 1017k    0     0   3722      0  1:59:45  0:04:39  1:55:06 11358
  3 25.5M    3 1025k    0     0   3743      0  1:59:05  0:04:40  1:54:25 13662
  3 25.5M    3 1027k    0     0   3736      0  1:59:18  0:04:41  1:54:37  8328
  4 25.5M    4 1047k    0     0   3798      0  1:57:21  0:04:42  1:52:39 13134
  4 25.5M    4 1063k    0     0   3840      0  1:56:04  0:04:43  1:51:21 13302
  4 25.5M    4 1067k    0     0   3834      0  1:56:15  0:04:45  1:51:30  9625
  4 25.5M    4 1071k    0     0   3844      0  1:55:57  0:04:45  1:51:12  9384
  4 25.5M    4 1077k    0     0   3851      0  1:55:44  0:04:46  1:50:58 10715
  4 25.5M    4 1083k    0     0   3861      0  1:55:26  0:04:47  1:50:39  7485
  4 25.5M    4 1094k    0     0   3882      0  1:54:49  0:04:48  1:50:01  6233
  4 25.5M    4 1102k    0     0   3901      0  1:54:15  0:04:49  1:49:26  8428
  4 25.5M    4 1105k    0     0   3898      0  1:54:20  0:04:50  1:49:30  7117
  4 25.5M    4 1114k    0     0   3916      0  1:53:49  0:04:51  1:48:58  7630
  4 25.5M    4 1117k    0     0   3908      0  1:54:03  0:04:52  1:49:11  6517
  4 25.5M    4 1117k    0     0   3895      0  1:54:26  0:04:53  1:49:33  4647
  4 25.5M    4 1122k    0     0   3898      0  1:54:20  0:04:54  1:49:26  3780
  4 25.5M    4 1122k    0     0   3885      0  1:54:43  0:04:55  1:49:48  3211
  4 25.5M    4 1133k    0     0   3903      0  1:54:12  0:04:57  1:49:15  3259
  4 25.5M    4 1133k    0     0   3890      0  1:54:35  0:04:58  1:49:37  2917
  4 25.5M    4 1133k    0     0   3877      0  1:54:58  0:04:59  1:49:59  2922
  4 25.5M    4 1133k    0     0   3864      0  1:55:21  0:05:00  1:50:21  1990
  4 25.5M    4 1133k    0     0   3851      0  1:55:44  0:05:01  1:50:43  1990
  4 25.5M    4 1133k    0     0   3838      0  1:56:08  0:05:02  1:51:06     0
  4 25.5M    4 1133k    0     0   3825      0  1:56:31  0:05:03  1:51:28     0
  4 25.5M    4 1133k    0     0   3812      0  1:56:55  0:05:04  1:51:51     0
  4 25.5M    4 1143k    0     0   3835      0  1:56:13  0:05:05  1:51:08  2140
  4 25.5M    4 1150k    0     0   3845      0  1:55:55  0:05:06  1:50:49  3508
  4 25.5M    4 1155k    0     0   3850      0  1:55:46  0:05:07  1:50:39  4582
  4 25.5M    4 1161k    0     0   3856      0  1:55:35  0:05:08  1:50:27  5727
  4 25.5M    4 1168k    0     0   3864      0  1:55:21  0:05:09  1:50:12  6901
  4 25.5M    4 1174k    0     0   3874      0  1:55:03  0:05:10  1:49:53  6237
  4 25.5M    4 1182k    0     0   3889      0  1:54:36  0:05:11  1:49:25  6572
  4 25.5M    4 1198k    0     0   3924      0  1:53:35  0:05:12  1:48:23  8166
  4 25.5M    4 1202k    0     0   3929      0  1:53:26  0:05:13  1:48:13  8381
  4 25.5M    4 1213k    0     0   3951      0  1:52:48  0:05:14  1:47:34  9423
  4 25.5M    4 1221k    0     0   3964      0  1:52:26  0:05:15  1:47:11  9573
  4 25.5M    4 1223k    0     0   3957      0  1:52:38  0:05:16  1:47:22  7943
  4 25.5M    4 1226k    0     0   3957      0  1:52:38  0:05:17  1:47:21  6153
  4 25.5M    4 1226k    0     0   3944      0  1:53:00  0:05:18  1:47:42  4896
  4 25.5M    4 1226k    0     0   3932      0  1:53:21  0:05:19  1:48:02  2727
  4 25.5M    4 1226k    0     0   3919      0  1:53:44  0:05:20  1:48:24  1093
  4 25.5M    4 1226k    0     0   3907      0  1:54:05  0:05:21  1:48:44   576
  4 25.5M    4 1226k    0     0   3895      0  1:54:26  0:05:22  1:49:04     0
  4 25.5M    4 1230k    0     0   3896      0  1:54:24  0:05:23  1:49:01   817
  4 25.5M    4 1232k    0     0   3885      0  1:54:43  0:05:24  1:49:19  1073
  4 25.5M    4 1233k    0     0   3871      0  1:55:08  0:05:26  1:49:42  1205
  4 25.5M    4 1235k    0     0   3872      0  1:55:07  0:05:26  1:49:41  1788
  4 25.5M    4 1238k    0     0   3873      0  1:55:05  0:05:27  1:49:38  2462
  4 25.5M    4 1238k    0     0   3861      0  1:55:26  0:05:28  1:49:58  1644
  4 25.5M    4 1242k    0     0   3862      0  1:55:24  0:05:29  1:49:55  2257
  4 25.5M    4 1251k    0     0   3880      0  1:54:52  0:05:30  1:49:22  4545
  4 25.5M    4 1271k    0     0   3926      0  1:53:32  0:05:31  1:48:01  7521
  4 25.5M    4 1289k    0     0   3967      0  1:52:21  0:05:32  1:46:49  9863
  5 25.5M    5 1311k    0     0   4025      0  1:50:44  0:05:33  1:45:11 14342
  5 25.5M    5 1325k    0     0   4056      0  1:49:53  0:05:34  1:44:19 16677
  5 25.5M    5 1331k    0     0   4066      0  1:49:37  0:05:35  1:44:02 16482
  5 25.5M    5 1343k    0     0   4091      0  1:48:57  0:05:36  1:43:21 15984
  5 25.5M    5 1353k    0     0   4107      0  1:48:31  0:05:37  1:42:54 14080
  5 25.5M    5 1355k    0     0   4101      0  1:48:41  0:05:38  1:43:03  9351
  5 25.5M    5 1363k    0     0   4108      0  1:48:30  0:05:39  1:42:51  7296
  5 25.5M    5 1367k    0     0   4110      0  1:48:27  0:05:40  1:42:47  6757
  5 25.5M    5 1373k    0     0   4117      0  1:48:16  0:05:41  1:42:35  5799
  5 25.5M    5 1383k    0     0   4139      0  1:47:41  0:05:42  1:41:59  6282
  5 25.5M    5 1386k    0     0   4131      0  1:47:54  0:05:43  1:42:11  6078
  5 25.5M    5 1395k    0     0   4151      0  1:47:22  0:05:44  1:41:38  7491
  5 25.5M    5 1411k    0     0   4184      0  1:46:32  0:05:45  1:40:47  9671
  5 25.5M    5 1419k    0     0   4197      0  1:46:12  0:05:46  1:40:26  9803
  5 25.5M    5 1430k    0     0   4215      0  1:45:44  0:05:47  1:39:57  9242
  5 25.5M    5 1441k    0     0   4235      0  1:45:15  0:05:48  1:39:27 11820
  5 25.5M    5 1447k    0     0   4243      0  1:45:03  0:05:49  1:39:14 10500
  5 25.5M    5 1453k    0     0   4247      0  1:44:57  0:05:50  1:39:07  8637
  5 25.5M    5 1463k    0     0   4260      0  1:44:37  0:05:51  1:38:46  8307
  5 25.5M    5 1474k    0     0   4284      0  1:44:02  0:05:52  1:38:10  9306
  5 25.5M    5 1491k    0     0   4322      0  1:43:07  0:05:53  1:37:14 10361
  5 25.5M    5 1501k    0     0   4335      0  1:42:49  0:05:54  1:36:55 10614
  5 25.5M    5 1505k    0     0   4337      0  1:42:46  0:05:55  1:36:51 10632
  5 25.5M    5 1514k    0     0   4349      0  1:42:29  0:05:56  1:36:33 10826
  5 25.5M    5 1521k    0     0   4358      0  1:42:16  0:05:57  1:36:19  9558
  5 25.5M    5 1531k    0     0   4376      0  1:41:51  0:05:58  1:35:53  8148
  5 25.5M    5 1537k    0     0   4374      0  1:41:54  0:05:59  1:35:55  6970
  5 25.5M    5 1542k    0     0   4372      0  1:41:57  0:06:01  1:35:56  6486
  5 25.5M    5 1542k    0     0   4359      0  1:42:15  0:06:02  1:36:13  5051
  5 25.5M    5 1542k    0     0   4347      0  1:42:32  0:06:03  1:36:29  3691
  5 25.5M    5 1542k    0     0   4335      0  1:42:49  0:06:04  1:36:45  1864
  5 25.5M    5 1542k    0     0   4323      0  1:43:06  0:06:05  1:37:01   998
  5 25.5M    5 1542k    0     0   4312      0  1:43:22  0:06:06  1:37:16     0
  5 25.5M    5 1542k    0     0   4300      0  1:43:39  0:06:07  1:37:32     0
  5 25.5M    5 1542k    0     0   4288      0  1:43:56  0:06:08  1:37:48     0
  5 25.5M    5 1542k    0     0   4276      0  1:44:14  0:06:09  1:38:05     0
  5 25.5M    5 1542k    0     0   4265      0  1:44:30  0:06:10  1:38:20     0
  5 25.5M    5 1542k    0     0   4253      0  1:44:48  0:06:11  1:38:37     0
  5 25.5M    5 1543k    0     0   4241      0  1:45:06  0:06:12  1:38:54   250
  5 25.5M    5 1545k    0     0   4237      0  1:45:12  0:06:13  1:38:59   535
  5 25.5M    5 1549k    0     0   4235      0  1:45:15  0:06:14  1:39:01  1317
  5 25.5M    5 1557k    0     0   4248      0  1:44:55  0:06:15  1:38:40  3024
  6 25.5M    6 1567k    0     0   4266      0  1:44:29  0:06:16  1:38:13  5207
  6 25.5M    6 1577k    0     0   4277      0  1:44:13  0:06:17  1:37:56  7106
  6 25.5M    6 1589k    0     0   4301      0  1:43:38  0:06:18  1:37:20  9138
  6 25.5M    6 1602k    0     0   4324      0  1:43:05  0:06:19  1:36:46 10996
  6 25.5M    6 1613k    0     0   4341      0  1:42:40  0:06:20  1:36:20 11139
  6 25.5M    6 1621k    0     0   4350      0  1:42:28  0:06:21  1:36:07 10410
  6 25.5M    6 1634k    0     0   4377      0  1:41:50  0:06:22  1:35:28 12165
  6 25.5M    6 1643k    0     0   4389      0  1:41:33  0:06:23  1:35:10 10920
  6 25.5M    6 1657k    0     0   4414      0  1:40:58  0:06:24  1:34:34 11303
  6 25.5M    6 1678k    0     0   4457      0  1:40:00  0:06:25  1:33:35 13021
  6 25.5M    6 1686k    0     0   4470      0  1:39:43  0:06:26  1:33:17 14006
  6 25.5M    6 1701k    0     0   4493      0  1:39:12  0:06:27  1:32:45 12827
  6 25.5M    6 1706k    0     0   4499      0  1:39:04  0:06:28  1:32:36 13047
  6 25.5M    6 1714k    0     0   4509      0  1:38:51  0:06:29  1:32:22 11915
  6 25.5M    6 1726k    0     0   4528      0  1:38:26  0:06:30  1:31:56 10224
  6 25.5M    6 1741k    0     0   4550      0  1:37:57  0:06:31  1:31:26 10326
  6 25.5M    6 1741k    0     0   4539      0  1:38:12  0:06:32  1:31:40  8021
  6 25.5M    6 1753k    0     0   4554      0  1:37:52  0:06:34  1:31:18  8229
  6 25.5M    6 1754k    0     0   4553      0  1:37:53  0:06:34  1:31:19  7854
  6 25.5M    6 1754k    0     0   4542      0  1:38:08  0:06:35  1:31:33  5593
  6 25.5M    6 1763k    0     0   4552      0  1:37:55  0:06:36  1:31:19  4688
  6 25.5M    6 1763k    0     0   4541      0  1:38:09  0:06:37  1:31:32  4696
  6 25.5M    6 1763k    0     0   4529      0  1:38:25  0:06:38  1:31:47  2386
  6 25.5M    6 1771k    0     0   4536      0  1:38:15  0:06:39  1:31:36  3302
  6 25.5M    6 1775k    0     0   4540      0  1:38:10  0:06:40  1:31:30  4389
  6 25.5M    6 1782k    0     0   4548      0  1:38:00  0:06:41  1:31:19  4159
  6 25.5M    6 1790k    0     0   4547      0  1:38:01  0:06:43  1:31:18  5007
  6 25.5M    6 1795k    0     0   4557      0  1:37:48  0:06:43  1:31:05  6920
  6 25.5M    6 1795k    0     0   4546      0  1:38:03  0:06:44  1:31:19  5375
  6 25.5M    6 1795k    0     0   4535      0  1:38:17  0:06:45  1:31:32  4124
  6 25.5M    6 1795k    0     0   4523      0  1:38:32  0:06:46  1:31:46  2636
  6 25.5M    6 1799k    0     0   4518      0  1:38:39  0:06:47  1:31:52  2044
  6 25.5M    6 1802k    0     0   4514      0  1:38:44  0:06:48  1:31:56  1270
  6 25.5M    6 1803k    0     0   4503      0  1:38:59  0:06:50  1:32:09  1441
  6 25.5M    6 1806k    0     0   4501      0  1:39:01  0:06:50  1:32:11  1981
  6 25.5M    6 1809k    0     0   4501      0  1:39:01  0:06:51  1:32:10  2722
  6 25.5M    6 1810k    0     0   4493      0  1:39:12  0:06:52  1:32:20  2316
  6 25.5M    6 1810k    0     0   4482      0  1:39:27  0:06:53  1:32:34  1742
  6 25.5M    6 1815k    0     0   4483      0  1:39:25  0:06:54  1:32:31  2700
  6 25.5M    6 1818k    0     0   4475      0  1:39:36  0:06:56  1:32:40  2434
  7 25.5M    7 1829k    0     0   4491      0  1:39:15  0:06:57  1:32:18  3716
  7 25.5M    7 1831k    0     0   4494      0  1:39:11  0:06:57  1:32:14  4569
  7 25.5M    7 1835k    0     0   4491      0  1:39:15  0:06:58  1:32:17  5247
  7 25.5M    7 1842k    0     0   4499      0  1:39:04  0:06:59  1:32:05  5932
  7 25.5M    7 1842k    0     0   4488      0  1:39:19  0:07:00  1:32:19  5748
  7 25.5M    7 1857k    0     0   4513      0  1:38:46  0:07:01  1:31:45  6595
  7 25.5M    7 1865k    0     0   4514      0  1:38:44  0:07:03  1:31:41  5981
  7 25.5M    7 1873k    0     0   4521      0  1:38:35  0:07:04  1:31:31  6696
  7 25.5M    7 1875k    0     0   4520      0  1:38:36  0:07:04  1:31:32  6147
  7 25.5M    7 1879k    0     0   4525      0  1:38:30  0:07:05  1:31:25  7546
  7 25.5M    7 1889k    0     0   4535      0  1:38:17  0:07:06  1:31:11  6427
  7 25.5M    7 1897k    0     0   4544      0  1:38:05  0:07:07  1:30:58  7387
  7 25.5M    7 1910k    0     0   4565      0  1:37:38  0:07:08  1:30:30  9040
  7 25.5M    7 1921k    0     0   4581      0  1:37:18  0:07:09  1:30:09 10401
  7 25.5M    7 1931k    0     0   4595      0  1:37:00  0:07:10  1:29:50 10508
  7 25.5M    7 1945k    0     0   4613      0  1:36:37  0:07:11  1:29:26 10958
  7 25.5M    7 1959k    0     0   4638      0  1:36:06  0:07:12  1:28:54 12428
  7 25.5M    7 1967k    0     0   4649      0  1:35:52  0:07:13  1:28:39 12028
  7 25.5M    7 1979k    0     0   4660      0  1:35:39  0:07:14  1:28:25 10673
  7 25.5M    7 1987k    0     0   4673      0  1:35:23  0:07:15  1:28:08 11284
  7 25.5M    7 1991k    0     0   4672      0  1:35:24  0:07:16  1:28:08 10041
  7 25.5M    7 1991k    0     0   4662      0  1:35:36  0:07:17  1:28:19  6800
  7 25.5M    7 2000k    0     0   4669      0  1:35:28  0:07:18  1:28:10  6316
  7 25.5M    7 2000k    0     0   4658      0  1:35:41  0:07:19  1:28:22  4480
  7 25.5M    7 2001k    0     0   4651      0  1:35:50  0:07:20  1:28:30  2743
  7 25.5M    7 2006k    0     0   4652      0  1:35:48  0:07:21  1:28:27  2910
  7 25.5M    7 2014k    0     0   4659      0  1:35:40  0:07:22  1:28:18  4420
  7 25.5M    7 2019k    0     0   4664      0  1:35:34  0:07:23  1:28:11  4225
  7 25.5M    7 2034k    0     0   4685      0  1:35:08  0:07:24  1:27:44  6947
  7 25.5M    7 2043k    0     0   4699      0  1:34:51  0:07:25  1:27:26  9191
  7 25.5M    7 2055k    0     0   4715      0  1:34:32  0:07:26  1:27:06 10535
  7 25.5M    7 2065k    0     0   4723      0  1:34:22  0:07:27  1:26:55 10529
  7 25.5M    7 2074k    0     0   4737      0  1:34:05  0:07:28  1:26:37 11164
  7 25.5M    7 2087k    0     0   4757      0  1:33:42  0:07:29  1:26:13 11572
  8 25.5M    8 2094k    0     0   4758      0  1:33:40  0:07:30  1:26:10  9537
  8 25.5M    8 2105k    0     0   4775      0  1:33:20  0:07:31  1:25:49 10325
  8 25.5M    8 2122k    0     0   4804      0  1:32:47  0:07:32  1:25:15 12416
  8 25.5M    8 2129k    0     0   4809      0  1:32:41  0:07:33  1:25:08 11391
  8 25.5M    8 2133k    0     0   4802      0  1:32:49  0:07:34  1:25:15  8499
  8 25.5M    8 2133k    0     0   4791      0  1:33:02  0:07:35  1:25:27  7784
  8 25.5M    8 2133k    0     0   4781      0  1:33:13  0:07:36  1:25:37  5219
  8 25.5M    8 2133k    0     0   4770      0  1:33:26  0:07:37  1:25:49  2021
  8 25.5M    8 2133k    0     0   4760      0  1:33:38  0:07:38  1:26:00   735
  8 25.5M    8 2133k    0     0   4749      0  1:33:51  0:07:39  1:26:12     0
  8 25.5M    8 2133k    0     0   4739      0  1:34:03  0:07:40  1:26:23     0
  8 25.5M    8 2133k    0     0   4729      0  1:34:15  0:07:41  1:26:34     0
  8 25.5M    8 2133k    0     0   4718      0  1:34:28  0:07:42  1:26:46     0
  8 25.5M    8 2133k    0     0   4708      0  1:34:40  0:07:43  1:26:57     0
  8 25.5M    8 2133k    0     0   4698      0  1:34:52  0:07:44  1:27:08     0
  8 25.5M    8 2133k    0     0   4688      0  1:35:04  0:07:45  1:27:19     0
  8 25.5M    8 2133k    0     0   4678      0  1:35:17  0:07:46  1:27:31     0
  8 25.5M    8 2133k    0     0   4667      0  1:35:30  0:07:47  1:27:43     0
  8 25.5M    8 2133k    0     0   4657      0  1:35:42  0:07:48  1:27:54     0
  8 25.5M    8 2133k    0     0   4647      0  1:35:55  0:07:49  1:28:06     0
  8 25.5M    8 2133k    0     0   4637      0  1:36:07  0:07:51  1:28:16     0
  8 25.5M    8 2133k    0     0   4628      0  1:36:18  0:07:52  1:28:26     0
  8 25.5M    8 2133k    0     0   4618      0  1:36:31  0:07:53  1:28:38     0
  8 25.5M    8 2133k    0     0   4608      0  1:36:43  0:07:54  1:28:49     0
  8 25.5M    8 2133k    0     0   4598      0  1:36:56  0:07:55  1:29:01     0
  8 25.5M    8 2133k    0     0   4588      0  1:37:09  0:07:56  1:29:13     0
  8 25.5M    8 2133k    0     0   4579      0  1:37:20  0:07:57  1:29:23     0
  8 25.5M    8 2133k    0     0   4569      0  1:37:33  0:07:58  1:29:35     0
  8 25.5M    8 2133k    0     0   4559      0  1:37:46  0:07:59  1:29:47     0
  8 25.5M    8 2133k    0     0   4550      0  1:37:57  0:08:00  1:29:57     0
  8 25.5M    8 2133k    0     0   4540      0  1:38:10  0:08:01  1:30:09     0
  8 25.5M    8 2133k    0     0   4531      0  1:38:22  0:08:02  1:30:20     0
  8 25.5M    8 2133k    0     0   4521      0  1:38:35  0:08:03  1:30:32     0
  8 25.5M    8 2133k    0     0   4512      0  1:38:47  0:08:04  1:30:43     0
  8 25.5M    8 2133k    0     0   4502      0  1:39:00  0:08:05  1:30:55     0
  8 25.5M    8 2133k    0     0   4493      0  1:39:12  0:08:06  1:31:06     0
  8 25.5M    8 2133k    0     0   4484      0  1:39:24  0:08:07  1:31:17     0
  8 25.5M    8 2133k    0     0   4475      0  1:39:36  0:08:08  1:31:28     0
  8 25.5M    8 2133k    0     0   4465      0  1:39:49  0:08:09  1:31:40     0
  8 25.5M    8 2133k    0     0   4456      0  1:40:01  0:08:10  1:31:51     0
  8 25.5M    8 2133k    0     0   4447      0  1:40:13  0:08:11  1:32:02     0
  8 25.5M    8 2133k    0     0   4438      0  1:40:26  0:08:12  1:32:14     0
  8 25.5M    8 2133k    0     0   4429      0  1:40:38  0:08:13  1:32:25     0
  8 25.5M    8 2133k    0     0   4420      0  1:40:50  0:08:14  1:32:36     0
  8 25.5M    8 2133k    0     0   4411      0  1:41:03  0:08:15  1:32:48     0
  8 25.5M    8 2133k    0     0   4402      0  1:41:15  0:08:16  1:32:59     0
  8 25.5M    8 2133k    0     0   4393      0  1:41:27  0:08:17  1:33:10     0
  8 25.5M    8 2137k    0     0   4395      0  1:41:25  0:08:17  1:33:08   862
  8 25.5M    8 2137k    0     0   4386      0  1:41:37  0:08:18  1:33:19   863
  8 25.5M    8 2138k    0     0   4385      0  1:41:39  0:08:19  1:33:20  1312
  8 25.5M    8 2138k    0     0   4376      0  1:41:51  0:08:20  1:33:31  1313
  8 25.5M    8 2139k    0     0   4365      0  1:42:06  0:08:22  1:33:44  1423
  8 25.5M    8 2139k    0     0   4356      0  1:42:19  0:08:23  1:33:56   534
  8 25.5M    8 2141k    0     0   4349      0  1:42:29  0:08:24  1:34:05   784
  8 25.5M    8 2142k    0     0   4350      0  1:42:28  0:08:24  1:34:04   815
  8 25.5M    8 2142k    0     0   4341      0  1:42:40  0:08:25  1:34:15   815
  8 25.5M    8 2143k    0     0   4333      0  1:42:52  0:08:26  1:34:26   888
  8 25.5M    8 2146k    0     0   4330      0  1:42:56  0:08:27  1:34:29  1484
  8 25.5M    8 2147k    0     0   4323      0  1:43:06  0:08:28  1:34:38  1503
  8 25.5M    8 2147k    0     0   4315      0  1:43:17  0:08:29  1:34:48  1025
  8 25.5M    8 2147k    0     0   4306      0  1:43:30  0:08:30  1:35:00  1025
  8 25.5M    8 2147k    0     0   4298      0  1:43:42  0:08:31  1:35:11   803
  8 25.5M    8 2163k    0     0   4324      0  1:43:05  0:08:32  1:34:33  3681
  8 25.5M    8 2166k    0     0   4316      0  1:43:16  0:08:33  1:34:43  3621
  8 25.5M    8 2173k    0     0   4326      0  1:43:02  0:08:34  1:34:28  5491
  8 25.5M    8 2181k    0     0   4333      0  1:42:52  0:08:35  1:34:17  7155
  8 25.5M    8 2185k    0     0   4332      0  1:42:53  0:08:36  1:34:17  7985
  8 25.5M    8 2193k    0     0   4340      0  1:42:42  0:08:37  1:34:05  5959
  8 25.5M    8 2198k    0     0   4336      0  1:42:47  0:08:39  1:34:08  6346
  8 25.5M    8 2206k    0     0   4348      0  1:42:30  0:08:39  1:33:51  6548
  8 25.5M    8 2207k    0     0   4340      0  1:42:42  0:08:40  1:34:02  5023
  8 25.5M    8 2214k    0     0   4342      0  1:42:39  0:08:42  1:33:57  5210
  8 25.5M    8 2215k    0     0   4343      0  1:42:37  0:08:42  1:33:55  4680
  8 25.5M    8 2223k    0     0   4350      0  1:42:28  0:08:43  1:33:45  6060
  8 25.5M    8 2223k    0     0   4342      0  1:42:39  0:08:44  1:33:55  3710
  8 25.5M    8 2235k    0     0   4350      0  1:42:28  0:08:46  1:33:42  5322
  8 25.5M    8 2243k    0     0   4365      0  1:42:06  0:08:46  1:33:20  7264
  8 25.5M    8 2253k    0     0   4372      0  1:41:57  0:08:47  1:33:10  7284
  8 25.5M    8 2259k    0     0   4378      0  1:41:48  0:08:48  1:33:00  7169
  8 25.5M    8 2266k    0     0   4383      0  1:41:41  0:08:49  1:32:52  8689
  8 25.5M    8 2275k    0     0   4393      0  1:41:27  0:08:50  1:32:37  9875
  8 25.5M    8 2283k    0     0   4400      0  1:41:18  0:08:51  1:32:27  8087
  8 25.5M    8 2287k    0     0   4397      0  1:41:22  0:08:52  1:32:30  7061
  8 25.5M    8 2294k    0     0   4404      0  1:41:12  0:08:53  1:32:19  7264
  8 25.5M    8 2305k    0     0   4413      0  1:41:00  0:08:54  1:32:06  7290
  8 25.5M    8 2310k    0     0   4418      0  1:40:53  0:08:55  1:31:58  6982
  8 25.5M    8 2320k    0     0   4428      0  1:40:39  0:08:56  1:31:43  7343
  8 25.5M    8 2330k    0     0   4438      0  1:40:26  0:08:57  1:31:29  8817
  8 25.5M    8 2333k    0     0   4435      0  1:40:30  0:08:58  1:31:32  7500
  8 25.5M    8 2339k    0     0   4441      0  1:40:22  0:08:59  1:31:23  7701
  9 25.5M    9 2350k    0     0   4453      0  1:40:05  0:09:00  1:31:05  8339
  9 25.5M    9 2367k    0     0   4478      0  1:39:32  0:09:01  1:30:31  9845
  9 25.5M    9 2371k    0     0   4476      0  1:39:35  0:09:02  1:30:33  8583
  9 25.5M    9 2379k    0     0   4484      0  1:39:24  0:09:03  1:30:21 10189
  9 25.5M    9 2386k    0     0   4484      0  1:39:24  0:09:04  1:30:20  8707
  9 25.5M    9 2394k    0     0   4494      0  1:39:11  0:09:05  1:30:06  8858
  9 25.5M    9 2394k    0     0   4486      0  1:39:21  0:09:06  1:30:15  5417
  9 25.5M    9 2405k    0     0   4497      0  1:39:07  0:09:07  1:30:00  6835
  9 25.5M    9 2414k    0     0   4501      0  1:39:01  0:09:09  1:29:52  6063
  9 25.5M    9 2414k    0     0   4493      0  1:39:12  0:09:10  1:30:02  5400
  9 25.5M    9 2414k    0     0   4485      0  1:39:23  0:09:11  1:30:12  3554
  9 25.5M    9 2414k    0     0   4476      0  1:39:35  0:09:12  1:30:23  3551
  9 25.5M    9 2417k    0     0   4480      0  1:39:29  0:09:12  1:30:17  2513
  9 25.5M    9 2419k    0     0   4477      0  1:39:33  0:09:13  1:30:20  1314
  9 25.5M    9 2427k    0     0   4484      0  1:39:24  0:09:14  1:30:10  3324
  9 25.5M    9 2439k    0     0   4493      0  1:39:12  0:09:16  1:29:56  5408
  9 25.5M    9 2446k    0     0   4500      0  1:39:03  0:09:16  1:29:47  7526
  9 25.5M    9 2455k    0     0   4511      0  1:38:48  0:09:17  1:29:31  8058
  9 25.5M    9 2463k    0     0   4518      0  1:38:39  0:09:18  1:29:21  9094
  9 25.5M    9 2465k    0     0   4512      0  1:38:47  0:09:19  1:29:28  7531
  9 25.5M    9 2478k    0     0   4528      0  1:38:26  0:09:20  1:29:06  9020
  9 25.5M    9 2485k    0     0   4533      0  1:38:19  0:09:21  1:28:58  8304
  9 25.5M    9 2497k    0     0   4544      0  1:38:05  0:09:22  1:28:43  7947
  9 25.5M    9 2497k    0     0   4536      0  1:38:15  0:09:23  1:28:52  6363
  9 25.5M    9 2501k    0     0   4537      0  1:38:14  0:09:24  1:28:50  7321
  9 25.5M    9 2502k    0     0   4527      0  1:38:27  0:09:26  1:29:01  4406
  9 25.5M    9 2502k    0     0   4519      0  1:38:38  0:09:27  1:29:11  3144
  9 25.5M    9 2506k    0     0   4523      0  1:38:32  0:09:27  1:29:05  2001
  9 25.5M    9 2506k    0     0   4515      0  1:38:43  0:09:28  1:29:15  2001
  9 25.5M    9 2506k    0     0   4507      0  1:38:53  0:09:29  1:29:24  1088
  9 25.5M    9 2506k    0     0   4499      0  1:39:04  0:09:30  1:29:34   914
  9 25.5M    9 2506k    0     0   4491      0  1:39:15  0:09:31  1:29:44   914
  9 25.5M    9 2506k    0     0   4483      0  1:39:25  0:09:32  1:29:53     0
  9 25.5M    9 2506k    0     0   4475      0  1:39:36  0:09:33  1:30:03     0
  9 25.5M    9 2506k    0     0   4467      0  1:39:47  0:09:34  1:30:13     0
  9 25.5M    9 2507k    0     0   4463      0  1:39:52  0:09:35  1:30:17   277
  9 25.5M    9 2514k    0     0   4467      0  1:39:47  0:09:36  1:30:11  1710
  9 25.5M    9 2527k    0     0   4480      0  1:39:29  0:09:37  1:29:52  4169
  9 25.5M    9 2535k    0     0   4489      0  1:39:17  0:09:38  1:29:39  6193
  9 25.5M    9 2542k    0     0   4492      0  1:39:13  0:09:39  1:29:34  7363
  9 25.5M    9 2542k    0     0   4484      0  1:39:24  0:09:40  1:29:44  6876
  9 25.5M    9 2546k    0     0   4485      0  1:39:23  0:09:41  1:29:42  6509
  9 25.5M    9 2558k    0     0   4495      0  1:39:09  0:09:42  1:29:27  6288
  9 25.5M    9 2558k    0     0   4488      0  1:39:19  0:09:43  1:29:36  4303
  9 25.5M    9 2558k    0     0   4480      0  1:39:29  0:09:44  1:29:45  3131
  9 25.5M    9 2566k    0     0   4488      0  1:39:19  0:09:45  1:29:34  4951
  9 25.5M    9 2577k    0     0   4500      0  1:39:03  0:09:46  1:29:17  6278
  9 25.5M    9 2587k    0     0   4511      0  1:38:48  0:09:47  1:29:01  6502
  9 25.5M    9 2607k    0     0   4534      0  1:38:18  0:09:48  1:28:30  9801
 10 25.5M   10 2613k    0     0   4537      0  1:38:14  0:09:49  1:28:25 11247
 10 25.5M   10 2613k    0     0   4529      0  1:38:25  0:09:50  1:28:35  9116
 10 25.5M   10 2618k    0     0   4534      0  1:38:18  0:09:51  1:28:27  8548
 10 25.5M   10 2630k    0     0   4547      0  1:38:01  0:09:52  1:28:09  8701
 10 25.5M   10 2645k    0     0   4560      0  1:37:44  0:09:53  1:27:51  7576
 10 25.5M   10 2653k    0     0   4571      0  1:37:30  0:09:54  1:27:36  8927
 10 25.5M   10 2675k    0     0   4602      0  1:36:51  0:09:55  1:26:56 13975
 10 25.5M   10 2697k    0     0   4630      0  1:36:16  0:09:56  1:26:20 15795
 10 25.5M   10 2707k    0     0   4642      0  1:36:01  0:09:57  1:26:04 15986
 10 25.5M   10 2722k    0     0   4658      0  1:35:41  0:09:58  1:25:43 17758
 10 25.5M   10 2727k    0     0   4658      0  1:35:41  0:09:59  1:25:42 14556
 10 25.5M   10 2735k    0     0   4664      0  1:35:34  0:10:00  1:25:34 11698
 10 25.5M   10 2741k    0     0   4666      0  1:35:31  0:10:01  1:25:30  8813
 10 25.5M   10 2749k    0     0   4673      0  1:35:23  0:10:02  1:25:21  8455
 10 25.5M   10 2763k    0     0   4690      0  1:35:02  0:10:03  1:24:59  8495
 10 25.5M   10 2770k    0     0   4694      0  1:34:57  0:10:04  1:24:53  9218
 10 25.5M   10 2775k    0     0   4695      0  1:34:56  0:10:05  1:24:51  8633
 10 25.5M   10 2785k    0     0   4703      0  1:34:46  0:10:06  1:24:40  9368
 10 25.5M   10 2793k    0     0   4705      0  1:34:44  0:10:07  1:24:37  8222
 10 25.5M   10 2802k    0     0   4716      0  1:34:30  0:10:08  1:24:22  7918
 10 25.5M   10 2813k    0     0   4724      0  1:34:21  0:10:09  1:24:12  8028
 10 25.5M   10 2813k    0     0   4716      0  1:34:30  0:10:10  1:24:20  7029
 10 25.5M   10 2819k    0     0   4723      0  1:34:22  0:10:11  1:24:11  7101
 10 25.5M   10 2833k    0     0   4735      0  1:34:08  0:10:12  1:23:56  8400
 10 25.5M   10 2849k    0     0   4751      0  1:33:49  0:10:14  1:23:35  8486
 10 25.5M   10 2850k    0     0   4749      0  1:33:51  0:10:14  1:23:37  7955
 10 25.5M   10 2854k    0     0   4749      0  1:33:51  0:10:15  1:23:36  8961
 10 25.5M   10 2854k    0     0   4741      0  1:34:01  0:10:16  1:23:45  6904
 10 25.5M   10 2858k    0     0   4741      0  1:34:01  0:10:17  1:23:44  5601
 10 25.5M   10 2865k    0     0   4744      0  1:33:57  0:10:18  1:23:39  3706
 11 25.5M   11 2875k    0     0   4754      0  1:33:45  0:10:19  1:23:26  5320
 11 25.5M   11 2883k    0     0   4760      0  1:33:38  0:10:20  1:23:18  6171
 11 25.5M   11 2883k    0     0   4752      0  1:33:47  0:10:21  1:23:26  6158
 11 25.5M   11 2898k    0     0   4765      0  1:33:32  0:10:22  1:23:10  7436
 11 25.5M   11 2898k    0     0   4757      0  1:33:42  0:10:23  1:23:19  6332
 11 25.5M   11 2899k    0     0   4750      0  1:33:50  0:10:25  1:23:25  4383
 11 25.5M   11 2899k    0     0   4743      0  1:33:58  0:10:26  1:23:32  2884
 11 25.5M   11 2899k    0     0   4735      0  1:34:08  0:10:27  1:23:41  2889
 11 25.5M   11 2906k    0     0   4739      0  1:34:03  0:10:27  1:23:36  1593
 11 25.5M   11 2906k    0     0   4732      0  1:34:11  0:10:28  1:23:43  1593
 11 25.5M   11 2909k    0     0   4731      0  1:34:12  0:10:29  1:23:43  2113
 11 25.5M   11 2914k    0     0   4734      0  1:34:09  0:10:30  1:23:39  3505
 11 25.5M   11 2922k    0     0   4738      0  1:34:04  0:10:31  1:23:33  5208
 11 25.5M   11 2933k    0     0   4746      0  1:33:55  0:10:32  1:23:23  5664
 11 25.5M   11 2938k    0     0   4750      0  1:33:50  0:10:33  1:23:17  7409
 11 25.5M   11 2949k    0     0   4759      0  1:33:39  0:10:34  1:23:05  8201
 11 25.5M   11 2957k    0     0   4759      0  1:33:39  0:10:36  1:23:03  7365
 11 25.5M   11 2958k    0     0   4760      0  1:33:38  0:10:36  1:23:02  7504
 11 25.5M   11 2966k    0     0   4764      0  1:33:33  0:10:37  1:22:56  7197
 11 25.5M   11 2978k    0     0   4777      0  1:33:18  0:10:38  1:22:40  8174
 11 25.5M   11 2989k    0     0   4781      0  1:33:13  0:10:40  1:22:33  7393
 11 25.5M   11 2990k    0     0   4782      0  1:33:12  0:10:40  1:22:32  8347
 11 25.5M   11 3001k    0     0   4788      0  1:33:05  0:10:41  1:22:24  8220
 11 25.5M   11 3010k    0     0   4798      0  1:32:54  0:10:42  1:22:12  9257
 11 25.5M   11 3021k    0     0   4805      0  1:32:45  0:10:43  1:22:02  8188
 11 25.5M   11 3025k    0     0   4804      0  1:32:47  0:10:44  1:22:03  7824
 11 25.5M   11 3033k    0     0   4808      0  1:32:42  0:10:45  1:21:57  7908
 11 25.5M   11 3038k    0     0   4810      0  1:32:40  0:10:46  1:21:54  7539
 11 25.5M   11 3042k    0     0   4811      0  1:32:38  0:10:47  1:21:51  6431
 11 25.5M   11 3049k    0     0   4814      0  1:32:35  0:10:48  1:21:47  6024
 11 25.5M   11 3058k    0     0   4823      0  1:32:25  0:10:49  1:21:36  7496
 11 25.5M   11 3070k    0     0   4834      0  1:32:12  0:10:50  1:21:22  8570
 11 25.5M   11 3082k    0     0   4845      0  1:31:59  0:10:51  1:21:08  9642
 11 25.5M   11 3093k    0     0   4854      0  1:31:49  0:10:52  1:20:57 10427
 11 25.5M   11 3101k    0     0   4858      0  1:31:45  0:10:53  1:20:52 10403
 11 25.5M   11 3106k    0     0   4860      0  1:31:42  0:10:54  1:20:48  9643
 11 25.5M   11 3119k    0     0   4874      0  1:31:27  0:10:55  1:20:32 10117
 11 25.5M   11 3133k    0     0   4887      0  1:31:12  0:10:56  1:20:16 10578
 12 25.5M   12 3142k    0     0   4895      0  1:31:03  0:10:57  1:20:06 10374
 12 25.5M   12 3151k    0     0   4902      0  1:30:55  0:10:58  1:19:57 10893
 12 25.5M   12 3169k    0     0   4921      0  1:30:34  0:10:59  1:19:35 13118
 12 25.5M   12 3189k    0     0   4943      0  1:30:10  0:11:00  1:19:10 13612
 12 25.5M   12 3203k    0     0   4960      0  1:29:51  0:11:01  1:18:50 14530
 12 25.5M   12 3217k    0     0   4970      0  1:29:41  0:11:02  1:18:39 13964
 12 25.5M   12 3222k    0     0   4974      0  1:29:36  0:11:03  1:18:33 14562
 12 25.5M   12 3227k    0     0   4969      0  1:29:42  0:11:05  1:18:37 10474
 12 25.5M   12 3229k    0     0   4969      0  1:29:42  0:11:05  1:18:37  8512
 12 25.5M   12 3233k    0     0   4967      0  1:29:44  0:11:06  1:18:38  5901
 12 25.5M   12 3238k    0     0   4966      0  1:29:45  0:11:07  1:18:38  4430
 12 25.5M   12 3242k    0     0   4963      0  1:29:48  0:11:08  1:18:40  3672
 12 25.5M   12 3242k    0     0   4956      0  1:29:56  0:11:09  1:18:47  3097
 12 25.5M   12 3242k    0     0   4948      0  1:30:05  0:11:10  1:18:55  2448
 12 25.5M   12 3242k    0     0   4941      0  1:30:12  0:11:11  1:19:01  1742
 12 25.5M   12 3242k    0     0   4934      0  1:30:20  0:11:12  1:19:08   783
 12 25.5M   12 3242k    0     0   4926      0  1:30:29  0:11:13  1:19:16     0
 12 25.5M   12 3242k    0     0   4919      0  1:30:36  0:11:14  1:19:22     0
 12 25.5M   12 3242k    0     0   4911      0  1:30:45  0:11:15  1:19:30     0
 12 25.5M   12 3242k    0     0   4904      0  1:30:53  0:11:16  1:19:37     0
 12 25.5M   12 3243k    0     0   4900      0  1:30:57  0:11:17  1:19:40   274
 12 25.5M   12 3247k    0     0   4901      0  1:30:56  0:11:18  1:19:38  1188
 12 25.5M   12 3250k    0     0   4897      0  1:31:01  0:11:19  1:19:42  1750
 12 25.5M   12 3253k    0     0   4894      0  1:31:04  0:11:20  1:19:44  2342
 12 25.5M   12 3255k    0     0   4887      0  1:31:12  0:11:22  1:19:50  2621
 12 25.5M   12 3255k    0     0   4880      0  1:31:20  0:11:23  1:19:57  2315
 12 25.5M   12 3255k    0     0   4872      0  1:31:29  0:11:24  1:20:05  1447
 12 25.5M   12 3255k    0     0   4865      0  1:31:37  0:11:25  1:20:12   979
 12 25.5M   12 3255k    0     0   4858      0  1:31:45  0:11:26  1:20:19   487
 12 25.5M   12 3255k    0     0   4851      0  1:31:53  0:11:27  1:20:26     0
 12 25.5M   12 3255k    0     0   4844      0  1:32:01  0:11:28  1:20:33     0
 12 25.5M   12 3255k    0     0   4837      0  1:32:09  0:11:29  1:20:40     0
 12 25.5M   12 3259k    0     0   4836      0  1:32:10  0:11:30  1:20:40   811
 12 25.5M   12 3261k    0     0   4835      0  1:32:11  0:11:30  1:20:41  1252
 12 25.5M   12 3266k    0     0   4837      0  1:32:09  0:11:31  1:20:38  2564
 12 25.5M   12 3273k    0     0   4840      0  1:32:05  0:11:32  1:20:33  4209
 12 25.5M   12 3279k    0     0   4843      0  1:32:02  0:11:33  1:20:29  5840
 12 25.5M   12 3282k    0     0   4841      0  1:32:04  0:11:34  1:20:30  5707
 12 25.5M   12 3291k    0     0   4847      0  1:31:57  0:11:35  1:20:22  6515
 12 25.5M   12 3309k    0     0   4862      0  1:31:40  0:11:36  1:20:04  8100
 12 25.5M   12 3319k    0     0   4872      0  1:31:29  0:11:37  1:19:52  9165
 12 25.5M   12 3334k    0     0   4887      0  1:31:12  0:11:38  1:19:34 10801
 12 25.5M   12 3358k    0     0   4912      0  1:30:44  0:11:40  1:19:04 13605
 12 25.5M   12 3365k    0     0   4917      0  1:30:39  0:11:40  1:18:59 14068
 12 25.5M   12 3371k    0     0   4922      0  1:30:33  0:11:41  1:18:52 14241
 12 25.5M   12 3383k    0     0   4933      0  1:30:21  0:11:42  1:18:39 13780
 12 25.5M   12 3386k    0     0   4929      0  1:30:25  0:11:43  1:18:42 10849
 13 25.5M   13 3397k    0     0   4935      0  1:30:19  0:11:44  1:18:35  8294
 13 25.5M   13 3403k    0     0   4940      0  1:30:13  0:11:45  1:18:28  8276
 13 25.5M   13 3403k    0     0   4933      0  1:30:21  0:11:46  1:18:35  6364
 13 25.5M   13 3410k    0     0   4937      0  1:30:17  0:11:47  1:18:30  5560
 13 25.5M   13 3415k    0     0   4937      0  1:30:17  0:11:48  1:18:29  6072
 13 25.5M   13 3419k    0     0   4936      0  1:30:18  0:11:49  1:18:29  5010
 13 25.5M   13 3429k    0     0   4943      0  1:30:10  0:11:50  1:18:20  5326
 13 25.5M   13 3449k    0     0   4963      0  1:29:48  0:11:51  1:17:57  9066
 13 25.5M   13 3457k    0     0   4969      0  1:29:42  0:11:52  1:17:50  9478
 13 25.5M   13 3462k    0     0   4968      0  1:29:43  0:11:53  1:17:50  9228
 13 25.5M   13 3477k    0     0   4980      0  1:29:30  0:11:54  1:17:36 10790
 13 25.5M   13 3479k    0     0   4979      0  1:29:31  0:11:55  1:17:36 10060
 13 25.5M   13 3485k    0     0   4982      0  1:29:28  0:11:56  1:17:32  7827
 13 25.5M   13 3495k    0     0   4986      0  1:29:23  0:11:57  1:17:26  7253
 13 25.5M   13 3501k    0     0   4990      0  1:29:19  0:11:58  1:17:21  8271
 13 25.5M   13 3509k    0     0   4992      0  1:29:17  0:11:59  1:17:18  6698
 13 25.5M   13 3510k    0     0   4990      0  1:29:19  0:12:00  1:17:19  6566
 13 25.5M   13 3515k    0     0   4990      0  1:29:19  0:12:01  1:17:18  6226
 13 25.5M   13 3518k    0     0   4981      0  1:29:29  0:12:03  1:17:26  4252
 13 25.5M   13 3519k    0     0   4982      0  1:29:28  0:12:03  1:17:25  3809
 13 25.5M   13 3534k    0     0   4995      0  1:29:14  0:12:04  1:17:10  5502
 13 25.5M   13 3549k    0     0   5010      0  1:28:58  0:12:05  1:16:53  7816
 13 25.5M   13 3573k    0     0   5034      0  1:28:32  0:12:06  1:16:26 10832
 13 25.5M   13 3577k    0     0   5035      0  1:28:31  0:12:07  1:16:24 14576
 13 25.5M   13 3577k    0     0   5028      0  1:28:39  0:12:08  1:16:31 11850
 13 25.5M   13 3582k    0     0   5029      0  1:28:37  0:12:09  1:16:28 10135
 13 25.5M   13 3591k    0     0   5035      0  1:28:31  0:12:10  1:16:21  8792
 13 25.5M   13 3601k    0     0   5041      0  1:28:25  0:12:11  1:16:14  6186
 13 25.5M   13 3602k    0     0   5036      0  1:28:30  0:12:12  1:16:18  5108
 13 25.5M   13 3602k    0     0   5029      0  1:28:37  0:12:13  1:16:24  5108
 13 25.5M   13 3603k    0     0   5020      0  1:28:47  0:12:15  1:16:32  3834
 13 25.5M   13 3603k    0     0   5013      0  1:28:54  0:12:16  1:16:38  2171
 13 25.5M   13 3603k    0     0   5006      0  1:29:02  0:12:17  1:16:45   484
 13 25.5M   13 3607k    0     0   5009      0  1:28:59  0:12:17  1:16:42  1092
 13 25.5M   13 3611k    0     0   5008      0  1:29:00  0:12:18  1:16:42  1936
 13 25.5M   13 3613k    0     0   5002      0  1:29:06  0:12:19  1:16:47  2115
 13 25.5M   13 3613k    0     0   4995      0  1:29:14  0:12:20  1:16:54  2111
 13 25.5M   13 3613k    0     0   4989      0  1:29:20  0:12:21  1:16:59  2111
 13 25.5M   13 3613k    0     0   4982      0  1:29:28  0:12:22  1:17:06  1065
 13 25.5M   13 3613k    0     0   4975      0  1:29:35  0:12:23  1:17:12   263
 13 25.5M   13 3613k    0     0   4968      0  1:29:43  0:12:24  1:17:19     0
 13 25.5M   13 3613k    0     0   4962      0  1:29:49  0:12:25  1:17:24     0
 13 25.5M   13 3613k    0     0   4955      0  1:29:57  0:12:26  1:17:31     0
 13 25.5M   13 3615k    0     0   4953      0  1:29:59  0:12:27  1:17:32   551
 13 25.5M   13 3619k    0     0   4951      0  1:30:01  0:12:28  1:17:33  1364
 13 25.5M   13 3621k    0     0   4946      0  1:30:07  0:12:29  1:17:38  1607
 13 25.5M   13 3622k    0     0   4940      0  1:30:13  0:12:30  1:17:43  1807
 13 25.5M   13 3627k    0     0   4943      0  1:30:10  0:12:31  1:17:39  3107
 13 25.5M   13 3634k    0     0   4946      0  1:30:07  0:12:32  1:17:35  3972
 13 25.5M   13 3637k    0     0   4943      0  1:30:10  0:12:33  1:17:37  3716
 13 25.5M   13 3650k    0     0   4954      0  1:29:58  0:12:34  1:17:24  6245
 14 25.5M   14 3663k    0     0   4962      0  1:29:49  0:12:35  1:17:14  8378
 14 25.5M   14 3664k    0     0   4959      0  1:29:53  0:12:36  1:17:17  7212
 14 25.5M   14 3669k    0     0   4955      0  1:29:57  0:12:38  1:17:19  6122
 14 25.5M   14 3671k    0     0   4958      0  1:29:54  0:12:38  1:17:16  7159
 14 25.5M   14 3679k    0     0   4962      0  1:29:49  0:12:39  1:17:10  6210
 14 25.5M   14 3685k    0     0   4962      0  1:29:49  0:12:40  1:17:09  4953
 14 25.5M   14 3691k    0     0   4965      0  1:29:46  0:12:41  1:17:05  5989
 14 25.5M   14 3703k    0     0   4969      0  1:29:42  0:12:43  1:16:59  7091
 14 25.5M   14 3713k    0     0   4976      0  1:29:34  0:12:44  1:16:50  7303
 14 25.5M   14 3715k    0     0   4978      0  1:29:32  0:12:44  1:16:48  7336
 14 25.5M   14 3726k    0     0   4984      0  1:29:26  0:12:45  1:16:41  8260
 14 25.5M   14 3733k    0     0   4988      0  1:29:21  0:12:46  1:16:35  8524
 14 25.5M   14 3735k    0     0   4980      0  1:29:30  0:12:48  1:16:42  6682
 14 25.5M   14 3737k    0     0   4980      0  1:29:30  0:12:48  1:16:42  5788
 14 25.5M   14 3745k    0     0   4984      0  1:29:26  0:12:49  1:16:37  5931
 14 25.5M   14 3754k    0     0   4990      0  1:29:19  0:12:50  1:16:29  5927
 14 25.5M   14 3754k    0     0   4984      0  1:29:26  0:12:51  1:16:35  4342
 14 25.5M   14 3754k    0     0   4977      0  1:29:33  0:12:52  1:16:41  4432
 14 25.5M   14 3767k    0     0   4988      0  1:29:21  0:12:53  1:16:28  6225
 14 25.5M   14 3769k    0     0   4983      0  1:29:27  0:12:54  1:16:33  4817
 14 25.5M   14 3769k    0     0   4976      0  1:29:34  0:12:55  1:16:39  2883
 14 25.5M   14 3774k    0     0   4978      0  1:29:32  0:12:56  1:16:36  4040
 14 25.5M   14 3779k    0     0   4979      0  1:29:31  0:12:57  1:16:34  5165
 14 25.5M   14 3793k    0     0   4989      0  1:29:20  0:12:58  1:16:22  5107
 14 25.5M   14 3799k    0     0   4986      0  1:29:23  0:13:00  1:16:23  5428
 14 25.5M   14 3817k    0     0   5002      0  1:29:06  0:13:01  1:16:05  8323
 14 25.5M   14 3821k    0     0   5001      0  1:29:07  0:13:02  1:16:05  7982
 14 25.5M   14 3831k    0     0   5007      0  1:29:01  0:13:03  1:15:58  8657
 14 25.5M   14 3833k    0     0   4998      0  1:29:10  0:13:05  1:16:05  6011
 14 25.5M   14 3837k    0     0   5002      0  1:29:06  0:13:05  1:16:01  7333
 14 25.5M   14 3838k    0     0   4996      0  1:29:13  0:13:06  1:16:07  4204
 14 25.5M   14 3838k    0     0   4990      0  1:29:19  0:13:07  1:16:12  3379
 14 25.5M   14 3838k    0     0   4984      0  1:29:26  0:13:08  1:16:18  1331
 14 25.5M   14 3838k    0     0   4977      0  1:29:33  0:13:09  1:16:24  1255
 14 25.5M   14 3838k    0     0   4971      0  1:29:40  0:13:10  1:16:30   266
 14 25.5M   14 3839k    0     0   4968      0  1:29:43  0:13:11  1:16:32   286
 14 25.5M   14 3839k    0     0   4962      0  1:29:49  0:13:12  1:16:37   286
 14 25.5M   14 3839k    0     0   4955      0  1:29:57  0:13:13  1:16:44   285
 14 25.5M   14 3839k    0     0   4949      0  1:30:03  0:13:14  1:16:49   286
 14 25.5M   14 3839k    0     0   4943      0  1:30:10  0:13:15  1:16:55   286
 14 25.5M   14 3839k    0     0   4937      0  1:30:17  0:13:16  1:17:01     0
 14 25.5M   14 3845k    0     0   4937      0  1:30:17  0:13:17  1:17:00  1087
 14 25.5M   14 3857k    0     0   4944      0  1:30:09  0:13:18  1:16:51  3252
 14 25.5M   14 3861k    0     0   4944      0  1:30:09  0:13:19  1:16:50  4138
 14 25.5M   14 3870k    0     0   4948      0  1:30:05  0:13:20  1:16:45  5743
 14 25.5M   14 3870k    0     0   4942      0  1:30:11  0:13:21  1:16:50  5747
 14 25.5M   14 3879k    0     0   4951      0  1:30:01  0:13:22  1:16:39  7055
 14 25.5M   14 3889k    0     0   4956      0  1:29:56  0:13:23  1:16:33  7191
 14 25.5M   14 3898k    0     0   4962      0  1:29:49  0:13:24  1:16:25  8149
 14 25.5M   14 3907k    0     0   4968      0  1:29:43  0:13:25  1:16:18  8543
 15 25.5M   15 3923k    0     0   4981      0  1:29:29  0:13:26  1:16:03 11565
 15 25.5M   15 3933k    0     0   4988      0  1:29:21  0:13:27  1:15:54 11025
 15 25.5M   15 3942k    0     0   4990      0  1:29:19  0:13:29  1:15:50  9716
 15 25.5M   15 3943k    0     0   4989      0  1:29:20  0:13:29  1:15:51  9192
 15 25.5M   15 3953k    0     0   4995      0  1:29:14  0:13:30  1:15:44  9285
 15 25.5M   15 3963k    0     0   5002      0  1:29:06  0:13:31  1:15:35  8546
 15 25.5M   15 3973k    0     0   5008      0  1:29:00  0:13:32  1:15:28  8211
 15 25.5M   15 3993k    0     0   5025      0  1:28:42  0:13:33  1:15:09 11219
 15 25.5M   15 4001k    0     0   5028      0  1:28:39  0:13:34  1:15:05 11025
 15 25.5M   15 4006k    0     0   5031      0  1:28:35  0:13:35  1:15:00 10968
 15 25.5M   15 4017k    0     0   5039      0  1:28:27  0:13:36  1:14:51 11014
 15 25.5M   15 4034k    0     0   5052      0  1:28:13  0:13:37  1:14:36 11706
 15 25.5M   15 4046k    0     0   5060      0  1:28:05  0:13:38  1:14:27 10526
 15 25.5M   15 4054k    0     0   5062      0  1:28:03  0:13:40  1:14:23 10302
 15 25.5M   15 4057k    0     0   5064      0  1:28:01  0:13:40  1:14:21 10285
 15 25.5M   15 4066k    0     0   5069      0  1:27:56  0:13:41  1:14:15 10080
 15 25.5M   15 4082k    0     0   5082      0  1:27:42  0:13:42  1:14:00 10061
 15 25.5M   15 4083k    0     0   5076      0  1:27:48  0:13:43  1:14:05  7719
 15 25.5M   15 4083k    0     0   5070      0  1:27:54  0:13:44  1:14:10  6298
 15 25.5M   15 4083k    0     0   5063      0  1:28:02  0:13:45  1:14:17  5000
 15 25.5M   15 4099k    0     0   5075      0  1:27:49  0:13:47  1:14:02  5840
 15 25.5M   15 4101k    0     0   5075      0  1:27:49  0:13:47  1:14:02  3966
 15 25.5M   15 4107k    0     0   5077      0  1:27:47  0:13:48  1:13:59  5375
 15 25.5M   15 4114k    0     0   5077      0  1:27:47  0:13:49  1:13:58  6313
 15 25.5M   15 4117k    0     0   5074      0  1:27:50  0:13:50  1:14:00  6762
 15 25.5M   15 4121k    0     0   5075      0  1:27:49  0:13:51  1:13:58  5167
 15 25.5M   15 4126k    0     0   5071      0  1:27:53  0:13:53  1:14:00  4432
 15 25.5M   15 4127k    0     0   5069      0  1:27:56  0:13:53  1:14:03  3814
 15 25.5M   15 4133k    0     0   5071      0  1:27:53  0:13:54  1:13:59  3990
 15 25.5M   15 4138k    0     0   5070      0  1:27:54  0:13:55  1:13:59  4373
 15 25.5M   15 4146k    0     0   5075      0  1:27:49  0:13:56  1:13:53  5106
 15 25.5M   15 4150k    0     0   5073      0  1:27:51  0:13:57  1:13:54  5465
 15 25.5M   15 4150k    0     0   5067      0  1:27:58  0:13:58  1:14:00  4623
 15 25.5M   15 4151k    0     0   5059      0  1:28:06  0:14:00  1:14:06  3378
 15 25.5M   15 4151k    0     0   5053      0  1:28:12  0:14:01  1:14:11  2537
 15 25.5M   15 4151k    0     0   5047      0  1:28:19  0:14:02  1:14:17   951
 15 25.5M   15 4151k    0     0   5041      0  1:28:25  0:14:03  1:14:22   248
 15 25.5M   15 4151k    0     0   5035      0  1:28:31  0:14:04  1:14:27   247
 15 25.5M   15 4151k    0     0   5029      0  1:28:37  0:14:05  1:14:32     0
 15 25.5M   15 4151k    0     0   5023      0  1:28:44  0:14:06  1:14:38     0
 15 25.5M   15 4151k    0     0   5017      0  1:28:50  0:14:07  1:14:43     0
 15 25.5M   15 4158k    0     0   5021      0  1:28:46  0:14:08  1:14:38  1424
 15 25.5M   15 4161k    0     0   5018      0  1:28:49  0:14:09  1:14:40  1970
 15 25.5M   15 4161k    0     0   5012      0  1:28:56  0:14:10  1:14:46  1974
 15 25.5M   15 4161k    0     0   5006      0  1:29:02  0:14:11  1:14:51  1972
 15 25.5M   15 4161k    0     0   5000      0  1:29:08  0:14:12  1:14:56  1972
 15 25.5M   15 4162k    0     0   4997      0  1:29:12  0:14:12  1:15:00   825
 15 25.5M   15 4167k    0     0   4998      0  1:29:10  0:14:13  1:14:57  1428
 15 25.5M   15 4171k    0     0   4998      0  1:29:10  0:14:14  1:14:56  2387
 15 25.5M   15 4171k    0     0   4992      0  1:29:17  0:14:15  1:15:02  2387
 15 25.5M   15 4175k    0     0   4992      0  1:29:17  0:14:16  1:15:01  3435
 16 25.5M   16 4189k    0     0   5000      0  1:29:08  0:14:17  1:14:51  5558
 16 25.5M   16 4189k    0     0   4994      0  1:29:15  0:14:18  1:14:57  4351
 16 25.5M   16 4189k    0     0   4988      0  1:29:21  0:14:19  1:15:02  3399
 16 25.5M   16 4189k    0     0   4982      0  1:29:28  0:14:20  1:15:08  3401
 16 25.5M   16 4189k    0     0   4976      0  1:29:34  0:14:21  1:15:13  2526
 16 25.5M   16 4189k    0     0   4971      0  1:29:40  0:14:22  1:15:18     0
 16 25.5M   16 4189k    0     0   4965      0  1:29:46  0:14:23  1:15:23     0
 16 25.5M   16 4189k    0     0   4959      0  1:29:53  0:14:24  1:15:29     0
 16 25.5M   16 4189k    0     0   4953      0  1:29:59  0:14:25  1:15:34     0
 16 25.5M   16 4194k    0     0   4956      0  1:29:56  0:14:26  1:15:30  1173
 16 25.5M   16 4194k    0     0   4950      0  1:30:02  0:14:27  1:15:35  1174
 16 25.5M   16 4194k    0     0   4945      0  1:30:08  0:14:28  1:15:40  1174
 16 25.5M   16 4194k    0     0   4939      0  1:30:14  0:14:29  1:15:45  1174
 16 25.5M   16 4194k    0     0   4933      0  1:30:21  0:14:30  1:15:51  1174
 16 25.5M   16 4194k    0     0   4927      0  1:30:28  0:14:31  1:15:57     0
 16 25.5M   16 4194k    0     0   4922      0  1:30:33  0:14:32  1:16:01     0
 16 25.5M   16 4194k    0     0   4916      0  1:30:40  0:14:33  1:16:07     0
 16 25.5M   16 4194k    0     0   4910      0  1:30:46  0:14:34  1:16:12     0
 16 25.5M   16 4194k    0     0   4905      0  1:30:52  0:14:35  1:16:17     0
 16 25.5M   16 4194k    0     0   4899      0  1:30:59  0:14:36  1:16:23     0
 16 25.5M   16 4194k    0     0   4894      0  1:31:04  0:14:37  1:16:27     0
 16 25.5M   16 4194k    0     0   4888      0  1:31:11  0:14:38  1:16:33     0
 16 25.5M   16 4194k    0     0   4882      0  1:31:18  0:14:39  1:16:39     0
 16 25.5M   16 4194k    0     0   4877      0  1:31:23  0:14:40  1:16:43     0
 16 25.5M   16 4194k    0     0   4871      0  1:31:30  0:14:41  1:16:49     0
 16 25.5M   16 4194k    0     0   4866      0  1:31:36  0:14:42  1:16:54     0
 16 25.5M   16 4194k    0     0   4860      0  1:31:42  0:14:43  1:16:59     0
 16 25.5M   16 4194k    0     0   4855      0  1:31:48  0:14:44  1:17:04     0
 16 25.5M   16 4194k    0     0   4849      0  1:31:55  0:14:45  1:17:10     0
 16 25.5M   16 4194k    0     0   4843      0  1:32:02  0:14:46  1:17:16     0
 16 25.5M   16 4194k    0     0   4838      0  1:32:07  0:14:47  1:17:20     0
 16 25.5M   16 4194k    0     0   4832      0  1:32:14  0:14:48  1:17:26     0
 16 25.5M   16 4194k    0     0   4827      0  1:32:20  0:14:49  1:17:31     0
 16 25.5M   16 4194k    0     0   4822      0  1:32:26  0:14:50  1:17:36     0
 16 25.5M   16 4194k    0     0   4816      0  1:32:33  0:14:51  1:17:42     0
 16 25.5M   16 4194k    0     0   4811      0  1:32:38  0:14:52  1:17:46     0
 16 25.5M   16 4194k    0     0   4805      0  1:32:45  0:14:53  1:17:52     0
 16 25.5M   16 4194k    0     0   4800      0  1:32:51  0:14:54  1:17:57     0
 16 25.5M   16 4194k    0     0   4794      0  1:32:58  0:14:55  1:18:03     0
 16 25.5M   16 4194k    0     0   4789      0  1:33:04  0:14:56  1:18:08     0
 16 25.5M   16 4194k    0     0   4784      0  1:33:10  0:14:57  1:18:13     0
 16 25.5M   16 4194k    0     0   4778      0  1:33:17  0:14:58  1:18:19     0
 16 25.5M   16 4194k    0     0   4773      0  1:33:23  0:14:59  1:18:24     0
 16 25.5M   16 4194k    0     0   4768      0  1:33:29  0:15:00  1:18:29     0
curl: (28) Send failure: Broken pipe
Warning: Problem : timeout. Will retry in 2 seconds. 1 retries left.

  0     0    0     0    0     0      0      0 --:--:-- --:--:-- --:--:--     0
  0     0    0     0    0     0      0      0 --:--:--  0:00:01 --:--:--     0
  0     0    0     0    0     0      0      0 --:--:--  0:00:02 --:--:--     0
  0     0    0     0    0     0      0      0 --:--:--  0:00:03 --:--:--     0
  0     0    0     0    0     0      0      0 --:--:--  0:00:04 --:--:--     0
  0     0    0     0    0     0      0      0 --:--:--  0:00:05 --:--:--     0
  0     0    0     0    0     0      0      0 --:--:--  0:00:06 --:--:--     0
  0     0    0     0    0     0      0      0 --:--:--  0:00:07 --:--:--     0
  0     0    0     0    0     0      0      0 --:--:--  0:00:08 --:--:--     0
  0     0    0     0    0     0      0      0 --:--:--  0:00:09 --:--:--     0
  0     0    0     0    0     0      0      0 --:--:--  0:00:10 --:--:--     0
  0     0    0     0    0     0      0      0 --:--:--  0:00:11 --:--:--     0
  0     0    0     0    0     0      0      0 --:--:--  0:00:12 --:--:--     0
  0     0    0     0    0     0      0      0 --:--:--  0:00:13 --:--:--     0
  0     0    0     0    0     0      0      0 --:--:--  0:00:14 --:--:--     0
  0     0    0     0    0     0      0      0 --:--:--  0:00:15 --:--:--     0
  0     0    0     0    0     0      0      0 --:--:--  0:00:16 --:--:--     0
  0     0    0     0    0     0      0      0 --:--:--  0:00:17 --:--:--     0
  0     0    0     0    0     0      0      0 --:--:--  0:00:18 --:--:--     0
  0     0    0     0    0     0      0      0 --:--:--  0:00:19 --:--:--     0
  0     0    0     0    0     0      0      0 --:--:--  0:00:20 --:--:--     0
  0     0    0     0    0     0      0      0 --:--:--  0:00:21 --:--:--     0
  0     0    0     0    0     0      0      0 --:--:--  0:00:22 --:--:--     0
  0     0    0     0    0     0      0      0 --:--:--  0:00:23 --:--:--     0
  0     0    0     0    0     0      0      0 --:--:--  0:00:24 --:--:--     0
  0     0    0     0    0     0      0      0 --:--:--  0:00:25 --:--:--     0
  0     0    0     0    0     0      0      0 --:--:--  0:00:26 --:--:--     0
  0     0    0     0    0     0      0      0 --:--:--  0:00:27 --:--:--     0
  0     0    0     0    0     0      0      0 --:--:--  0:00:28 --:--:--     0
  0     0    0     0    0     0      0      0 --:--:--  0:00:29 --:--:--     0
  0     0    0     0    0     0      0      0 --:--:--  0:00:31 --:--:--     0
  0     0    0     0    0     0      0      0 --:--:--  0:00:32 --:--:--     0
  0     0    0     0    0     0      0      0 --:--:--  0:00:33 --:--:--     0
  0     0    0     0    0     0      0      0 --:--:--  0:00:34 --:--:--     0
  0     0    0     0    0     0      0      0 --:--:--  0:00:35 --:--:--     0
  0     0    0     0    0     0      0      0 --:--:--  0:00:36 --:--:--     0
  0     0    0     0    0     0      0      0 --:--:--  0:00:37 --:--:--     0
  0     0    0     0    0     0      0      0 --:--:--  0:00:38 --:--:--     0
  0     0    0     0    0     0      0      0 --:--:--  0:00:39 --:--:--     0
  0     0    0     0    0     0      0      0 --:--:--  0:00:40 --:--:--     0
  0     0    0     0    0     0      0      0 --:--:--  0:00:41 --:--:--     0
  0     0    0     0    0     0      0      0 --:--:--  0:00:42 --:--:--     0
  0     0    0     0    0     0      0      0 --:--:--  0:00:43 --:--:--     0
  0     0    0     0    0     0      0      0 --:--:--  0:00:44 --:--:--     0
  0     0    0     0    0     0      0      0 --:--:--  0:00:45 --:--:--     0
  0     0    0     0    0     0      0      0 --:--:--  0:00:46 --:--:--     0
  0     0    0     0    0     0      0      0 --:--:--  0:00:47 --:--:--     0
  0     0    0     0    0     0      0      0 --:--:--  0:00:48 --:--:--     0
  0     0    0     0    0     0      0      0 --:--:--  0:00:49 --:--:--     0
  0     0    0     0    0     0      0      0 --:--:--  0:00:50 --:--:--     0
  0     0    0     0    0     0      0      0 --:--:--  0:00:51 --:--:--     0
  0     0    0     0    0     0      0      0 --:--:--  0:00:52 --:--:--     0
  0     0    0     0    0     0      0      0 --:--:--  0:00:53 --:--:--     0
  0     0    0     0    0     0      0      0 --:--:--  0:00:54 --:--:--     0
  0     0    0     0    0     0      0      0 --:--:--  0:00:55 --:--:--     0
  0     0    0     0    0     0      0      0 --:--:--  0:00:56 --:--:--     0
  0     0    0     0    0     0      0      0 --:--:--  0:00:57 --:--:--     0
  0     0    0     0    0     0      0      0 --:--:--  0:00:58 --:--:--     0
  0     0    0     0    0     0      0      0 --:--:--  0:00:59 --:--:--     0
  0     0    0     0    0     0      0      0 --:--:--  0:01:00 --:--:--     0
  0     0    0     0    0     0      0      0 --:--:--  0:01:01 --:--:--     0
  0     0    0     0    0     0      0      0 --:--:--  0:01:02 --:--:--     0
  0     0    0     0    0     0      0      0 --:--:--  0:01:03 --:--:--     0
  0     0    0     0    0     0      0      0 --:--:--  0:01:04 --:--:--     0
  0     0    0     0    0     0      0      0 --:--:--  0:01:05 --:--:--     0
  0     0    0     0    0     0      0      0 --:--:--  0:01:06 --:--:--     0
  0     0    0     0    0     0      0      0 --:--:--  0:01:07 --:--:--     0
  0     0    0     0    0     0      0      0 --:--:--  0:01:08 --:--:--     0
  0     0    0     0    0     0      0      0 --:--:--  0:01:09 --:--:--     0
  0     0    0     0    0     0      0      0 --:--:--  0:01:10 --:--:--     0
  0     0    0     0    0     0      0      0 --:--:--  0:01:11 --:--:--     0
  0     0    0     0    0     0      0      0 --:--:--  0:01:12 --:--:--     0
  0     0    0     0    0     0      0      0 --:--:--  0:01:13 --:--:--     0
  0     0    0     0    0     0      0      0 --:--:--  0:01:14 --:--:--     0
  0     0    0     0    0     0      0      0 --:--:--  0:01:15 --:--:--     0
  0     0    0     0    0     0      0      0 --:--:--  0:01:16 --:--:--     0
  0     0    0     0    0     0      0      0 --:--:--  0:01:17 --:--:--     0
  0     0    0     0    0     0      0      0 --:--:--  0:01:18 --:--:--     0
  0     0    0     0    0     0      0      0 --:--:--  0:01:19 --:--:--     0
  0     0    0     0    0     0      0      0 --:--:--  0:01:20 --:--:--     0
  0     0    0     0    0     0      0      0 --:--:--  0:01:21 --:--:--     0
  0     0    0     0    0     0      0      0 --:--:--  0:01:22 --:--:--     0
  0     0    0     0    0     0      0      0 --:--:--  0:01:23 --:--:--     0
  0     0    0     0    0     0      0      0 --:--:--  0:01:24 --:--:--     0
  0     0    0     0    0     0      0      0 --:--:--  0:01:25 --:--:--     0
  0     0    0     0    0     0      0      0 --:--:--  0:01:26 --:--:--     0
  0     0    0     0    0     0      0      0 --:--:--  0:01:27 --:--:--     0
  0     0    0     0    0     0      0      0 --:--:--  0:01:28 --:--:--     0
  0     0    0     0    0     0      0      0 --:--:--  0:01:29 --:--:--     0
  0     0    0     0    0     0      0      0 --:--:--  0:01:30 --:--:--     0
curl: (16) Send failure: Broken pipe
